<?xml version="1.0" encoding="UTF-8" ?>
<introContent>  
	<group style-id="shared style class" id="shared_group_id" label="shared group">
		<text>This is the text of shared group</text>
		<link id="shared_Link1_id" label="Intro Link in shared group" url="someUrl">
			<text>link in shared group</text>
		</link>
	</group>
	
	<page id="homePageId" style="content/root.css">
		<title>Full Intro Markup Tests</title>
		<link id="Link1_id" label="Instance page." url="http://org.eclipse.ui.intro/showPage?id=Page1"/>
		<link id="Link2_id" label="Full markup Instance page." url="http://org.eclipse.ui.intro/showPage?id=Page2"/>
		<link id="Link3_id" label="Testing Anchors &amp; Includes." url="http://org.eclipse.ui.intro/showPage?id=Page3"/>
		<link id="Link4_id" label="Test page used by the anchor &amp; include testpage above." url="http://org.eclipse.ui.intro/showPage?id=TestPage"/>
		<link id="Link5_id" label="Test using external IntroContent.xml" url="http://org.eclipse.ui.intro/showPage?id=TestExternalPage"/>
	</page>
	

	<page alt-style="content/rootPage.properties" style-id="page_style" id="Page1" style="content/instance.css">
		<head src="content/shared/head.txt"/>
		<title id="title_id"  style-id="title_style">Title</title>
		<group style-id="group_style" id="group_id" label="Group with label"/>
		<text style-id="description">The following link has the icon set with CSS.</text>  
		<link style-id="link_style" id="link1_id" label="Link label" url="http://">
			<text>Link Text</text>
		</link>
		<text style-id="description">The following link has the icon set as the img child of the link element</text>  
		<link style-id="link_style" id="Link2_id" url="http://">
			<img alt="Link image element alt text. Link only has an Image" id="image_id" src="icons/eclipse.gif"/>
		</link>
		<text style-id="text_style" id = "text_id">a Text element, with attributes</text>
		<img alt="Image element alt text" id="image_id" style-id="image_style" src="icons/eclipse_update_120.jpg"/>
		<html src="content/shared/inline.txt" type="inline" style-id="html_style" id = "html_id" encoding="UTF-16"> 
		   <text>Alternate text for HTML element.</text>
		</html>
		<html src="content/shared/staticPage.html" type="embed"> 
		   <text>Alternate text for HTML element.</text>
		</html>
		<contentProvider id="contentProviderId1" class="org.eclipse.ui.internal.intro.examples.dynamic002.IntroContentProvider" pluginId="org.eclipse.ui.internal.intro.examples"> 
			<text>Content provider failed. Alternate text for content provider</text>
		</contentProvider>
		
		<group label="a Group with all of the above elements" id="parent_group"> 
			<head src="content/shared/head.txt"/>
			<title id="title2_id"  style-id="title_style">Title</title>
			<group style-id="group_style" id="group2_id" label="Group with label"/>
			<link style-id="link_style" id="link3_id" label="Link label" url="http://">
				<text>Link Text</text>
			</link>  
			<link style-id="link_style" id="Link4_id" url="http://">
				<img alt="Link image element alt text. Link only has an Image" id="image_id" src="icons/eclipse.gif"/>
			</link>
			<text style-id="text_style" id = "text2_id">a Text element, with attributes</text>
			<img alt="Image element alt text" id="image2_id" style-id="image_style" src="icons/eclipse_update_120.jpg"/>
			<html src="content/shared/inline.txt" type="inline" style-id="html_style" id = "html2_id" encoding="UTF-16"> 
		  	 <text>Alternate text for HTML element.</text>
			</html>
			<html src="content/shared/staticPage.html" type="embed"> 
		   	<text>Alternate text for HTML element.</text>
			</html>
			<contentProvider id="contentProviderId2" class="org.eclipse.ui.internal.intro.examples.dynamic002.IntroContentProvider" pluginId="org.eclipse.ui.internal.intro.examples"> 
				<text>Content provider failed. Alternate text for content provider</text>
			</contentProvider>
		  </group>
		
	
	</page>


	<page alt-style="content/rootPage.properties" style-id="page_style" id="Page2" style="content/fullInstance.css">

		<!-- test all head scenarios -->
		<head src="content/shared/head.txt"/>
		<head src="content/shared/headUTF16.txt" encoding="UTF-16"/>
		
		<!-- test that there should only be one Title -->
		<title>Title element, with no attributes</title>
		<title id="title_id"  style-id="title_style">Title element, with style-id and filteredFrom attributes</title>
		
		<!-- test that the first two groups will not appear because they have no label and no children -->
		<group>Group element with no attributes, and no children</group>
		<group style-id="group_style" id="group1_id">Group element with no children</group>
		<group label="Group element with no attributes"/>
		<group style-id="group_style" id="group2_id" label="Group element with label"/>
		
		<!-- test attaching an image to a link through CSS and through the Link element -->
		<link url="http://"/> 
		<link label="Link element with no children" url="http://"/> 
		<link style-id="link_style" id="link2_id" label="Link element with a Text element" url="http://">
			<text>Link Text</text>
		</link>
		<link style-id="link_style" id="Link3_id" url="http://">
			<img alt="Link image element alt text. Link only has an Image" id="image_id" src="icons/eclipse.gif"/>
		</link>
		<link style-id="link_style" id="Link4_id" label="Link element with Text and Image element" url="http://">
			<text>Link Text</text>
			<img alt="Link image element alt text" id="image_id" src="icons/eclipse.gif"/>
		</link>
		
		<text>Text element</text>
		<text style-id="text_style" id = "text_id">Text element, with attributes</text>
		
		<img src="icons/eclipse_update_120.jpg"/>
		<img alt="Image element alt text" id="image_id" style-id="image_style" src="icons/eclipse_update_120.jpg"/>
		
		<!-- test a failing HTML element. Test using an image and a text as alternates. -->
		<html src="xxx" type="inline"> 
		   <text>Alternate text for a failing HTML element.</text>
		</html>
		<html src="content/shared/inline.txt" type="inline" style-id="html_style" id = "html_id" encoding="UTF-16"> 
		   <text>Alternate text for HTML element.</text>
		</html>
		<html src="content/shared/staticPage.html" type="embed"> 
		   <text>Alternate text for HTML element.</text>
		</html>
		
		<contentProvider id="contentProviderId1" class="org.eclipse.ui.internal.intro.examples.dynamic002.IntroContentProvider" pluginId="org.eclipse.ui.internal.intro.examples"> 
			<text>Content provider failed. Alternate text for content provider</text>
		</contentProvider>
		<contentProvider id="contentProviderI" class="xxx"> 
			<text>Content provider failed. Alternate text for content provider</text>
		</contentProvider>
	</page>

	
	<page id="Page3" >
		<title>Page 3: Anchor and Include testcases</title>
		<text id="textFromPage3">Text element from Page3.</text>
		<anchor id="anchor1"/>
		
	</page>
	
	<page id="TestPage" style="content/testPage.css">
		<!-- text for testing includes in page 3 -->
		<text id="textFromTestPage">Text element from Test page.</text>		
		<anchor id="anchorIncludedFromTestPage"/>
		
	</page>
	
	<page id="TestExternalPage" content="content/externalIntroContent.xml">
		<!-- page for testing includes content from an external page-->
	</page>

	
	
</introContent>