<introContent>
  <!-- contributing an anchor and an include -->
  <extensionContent  path="Page3/anchor1" 
  			alt-style="ext1-alt-style.properties" style="ext1-style.css">
  	<group id="ext1Div">
  	<text style-id="h3">Includes and Anchors</text>
  	<text>Ext1: This configExt has an include and an anchor. The includes have various configurations, 
  			while another extension contributes into the anchor.</text>
    <link label="link from Ext 1" 
    		url="http://org.eclipse.ui.intro/showPage?id=xxx-intro" id="ext1linkId">
      <text>tbd</text>
    </link>
    
    <text>.</text>
    <text style-id="h4">Contributing includes:</text>
    <text>Including within an extension... include the above link (its color should be green):</text>
    <include path ="Page3/ext1Div/ext1linkId" /> 
    
	<text>Including from same page from within an extension... including text from Page3 (its color should be green):</text>
    <include path ="Page3/textFromPage3" /> 
    
    <text>Including from another page from within an extension... including text from Test Page (its color should be blue):</text>
    <include path ="TestPage/textFromTestPage" merge-style="true"/> 
    
    
    <text>.</text>
    <text style-id="h4">Contributing anchors:</text>
    <text>Contributing an anchor: Ext2 in turn contributes to this anchor. Link from Ext 2 should appear below here:</text>
    <anchor id="extAnchor"/>
    
    <text>.</text>
    <text>Contributing an include that includes an anchor: including an anchor from test page. 
    		This anchor will be contributed to by Ext3 and a link from Ext3 should appear below here:</text>
    <group id="extDiv">
    	<include path ="TestPage/anchorIncludedFromTestPage" /> 
	</group>
	
	<text>.</text>
    
    <text>--------------- end of Ext1 </text>
    </group>
  </extensionContent>
  
</introContent>