<?xml version="1.0" encoding="utf-8" ?>
<introContent>
    <!-- 

-->
    <page alt-style="css/root_swt.properties" style="css/root.css" id="root" style-id="page">
        <title style-id="intro-header">Welcome to Eclipse 3.1</title>
        <group id="links-background">
            <group id="page-links">
                <link label="Overview" url="http://org.eclipse.ui.intro/showPage?id=overview" id="overview" style-id="left">
                    <img id="overview_img" style-id="content-img" src="css/graphics/icons/etool/overview72.gif" alt="Overview">
                    </img>
                    <text>Find out what Eclipse is all about</text>
                </link>
					<link label="Tutorials" url="http://org.eclipse.ui.intro/showPage?id=tutorials" id="tutorials" style-id="left">
                    <img id="tutorials_img" style-id="content-img" src="css/graphics/icons/etool/tutorials72.gif" alt="Tutorials">
                    </img>
                    <text>Let us guide you through Eclipse end-to-end tutorials</text>
                </link>
                <link label="Samples" url="http://org.eclipse.ui.intro/showPage?id=samples" id="samples" style-id="right">
                    <img id="samples_img" style-id="content-img" src="css/graphics/icons/etool/samples72.gif" alt="Samples">
                    </img>
                    <text>Explore Eclipse development through code samples</text>
                </link>
                <link label="What&apos;s New" url="http://org.eclipse.ui.intro/showPage?id=news" id="news" style-id="right">
                    <img id="whatsnew_img" style-id="content-img" src="css/graphics/icons/etool/whatsnew72.gif" alt="What&apos;s New">
                    </img>
                    <text>Find out what is new in this release</text>
                </link>
                <link label="Configure the Workbench" url="http://org.eclipse.ui.intro/showPage?id=configure" id="configure" style-id="right">
                    <img id="configure_img" style-id="content-img" src="css/graphics/icons/etool/firsteps72.gif" alt="Configure the Workbench">
                    </img>
                    <text>Configure workbench activities and preferences</text>
                </link>
            </group>
        </group>
        <group id="action-links">
            <link url="http://org.eclipse.ui.intro/switchToLaunchBar" label="Workbench" id="workbench">
                <img id="workbench_img" style-id="content-img" src="css/graphics/icons/etool/wb48.gif" alt="Go to the workbench">
                </img>
                <text>Go to the workbench</text>
            </link>
        </group>
    </page>
    <!-- 

-->
    <page alt-style="css/standby_swt.properties" style="css/standby_root.css" id="standby" style-id="page">
        <title style-id="intro-header">Welcome to Eclipse 3.1</title>
        <group id="links-background">
            <group id="page-links">
                <link label="Overview" url="http://org.eclipse.ui.intro/showPage?id=overview&amp;standby=false" id="overview" style-id="left">
                    <text>Find out what Eclipse is all about</text>
                </link>
                <link label="Tutorials" url="http://org.eclipse.ui.intro/showPage?id=tutorials&amp;standby=false" id="tutorials" style-id="left">
                    <text>Let us guide you through Eclipse end-to-end tutorials</text>
                </link>
                <link label="Samples" url="http://org.eclipse.ui.intro/showPage?id=samples&amp;standby=false" id="samples" style-id="right">
                    <text>Explore Eclipse development through code samples</text>
                </link>
                <link label="What&apos;s New" url="http://org.eclipse.ui.intro/showPage?id=news&amp;standby=false" id="news" style-id="right">
                    <text>Find out what is new in this release</text>
                </link>
                <link label="Configure the Workbench" url="http://org.eclipse.ui.intro/showPage?id=configure&amp;standby=false" id="configure" style-id="right">
                    <text>Configure workbench activities and preferences</text>
                </link>
            </group>
        </group>
    </page>
    <!--

-->
    <page style="css/overview/overview.css" alt-style="css/overview/swt.properties" id="overview" style-id="page">
        <title style-id="intro-header">Welcome to Eclipse 3.1</title>
        <group id="background-image" filteredFrom="swt"/>
        <group id="curve-image" filteredFrom="swt"/>
        <group id="navigation-links" filteredFrom="swt">
            <group id="page-links">
                <link label="Overview" url="http://org.eclipse.ui.intro/showPage?id=overview" id="overview" style-id="left">
                    <text>Find out what Eclipse is all about</text>
                </link>
                <link label="Tutorials" url="http://org.eclipse.ui.intro/showPage?id=tutorials" id="tutorials" style-id="left">
                    <text>Let us guide you through Eclipse end-to-end tutorials</text>
                </link>
                <link label="Samples" url="http://org.eclipse.ui.intro/showPage?id=samples" id="samples" style-id="right">
                    <text>Explore Eclipse development through code samples</text>
                </link>
                <link label="What&apos;s New" url="http://org.eclipse.ui.intro/showPage?id=news" id="news" style-id="right">
                    <text>Find out what is new in this release</text>
                </link>
                <link label="Configure the Workbench" url="http://org.eclipse.ui.intro/showPage?id=configure" id="configure" style-id="left">
                    <text>Configure the workbench with Roles and preferences</text>
                </link>
            </group>
            <group id="action-links">
                <link url="http://org.eclipse.ui.intro/switchToLaunchBar" label="Workbench" id="workbench">
                    <text>Go to the workbench</text>
                </link>
            </group>
        </group>
        <!-- -->
        <group id="page-content">
            <group id="content-header" label="OVERVIEW" filteredFrom="swt">
            </group>
            <text style-id="page-title" id="page-title" filteredFrom="html">OVERVIEW</text>
            <text style-id="page-description" id="page-description">Eclipse is a kind of universal tool platform - an open extensible IDE for anything and nothing in particular. It provides a feature-rich development environment that allows the developer to efficiently create tools that integrate seamlessly into the Eclipse Platform.</text>
            <group id="overview-links">
                <anchor id="beginAnchor"/>
                <link label="Workbench basics" url="http://org.eclipse.ui.intro/showHelpTopic?id=/org.eclipse.platform.doc.user/concepts/concepts-2.htm" id="basics">
                    <text>Learn about basic Eclipse workbench concepts</text>
                </link>
                <link label="Team support" url="http://org.eclipse.ui.intro/showHelpTopic?id=/org.eclipse.platform.doc.user/concepts/concepts-26.htm" id="team">
                    <text>Find out how to collaborate with other developers</text>
                </link>
                <anchor id="jdtAnchor"/>
                <anchor id="pdeAnchor"/>
                <anchor id="endAnchor"/>
            </group>
        </group>
    </page>
    <!-- 

-->
    <page style="css/tutorials/tutorials.css" alt-style="css/tutorials/swt.properties" id="tutorials" style-id="page">
        <title style-id="intro-header">Welcome to Eclipse 3.1</title>
        <group id="background-image" filteredFrom="swt"/>
        <group id="curve-image" filteredFrom="swt"/>
        <include path="overview/navigation-links"/>
        <group id="page-content">
            <group id="content-header" label="TUTORIALS" filteredFrom="swt">
            </group>
            <text style-id="page-title" id="page-title" filteredFrom="html">TUTORIALS</text>
            <text style-id="page-description" id="page-description">Learn how to be productive using Eclipse by completing end-to-end tutorials that will guide you along the way.</text>
            <anchor id="beginAnchor"/>
            <anchor id="jdtAnchor"/>
            <anchor id="pdeAnchor"/>
            <anchor id="endAnchor"/>
        </group>
    </page>
    <!-- 

-->
    <page style="css/samples/samples.css" alt-style="css/samples/swt.properties" id="samples" style-id="page">
        <title style-id="intro-header">Welcome to Eclipse 3.1</title>
        <group id="background-image" filteredFrom="swt"/>
        <group id="curve-image" filteredFrom="swt"/>
        <include path="overview/navigation-links"/>
        <group id="page-content">
            <group id="content-header" label="SAMPLES" filteredFrom="swt">
            </group>
            <text style-id="page-title" id="page-title" filteredFrom="html">SAMPLES</text>
            <text style-id="page-description" id="page-description">Explore Eclipse by installing prefabricated samples (may require Internet connection).</text>
            <anchor id="beginAnchor"/>
            <group label="SWT" id="swt" style-id="samples-group">
                <text style-id="group-description">Run SWT samples using either the standalone SWT launcher or as an integrated workbench view.</text>
                <link label="Workbench views and standalone applications" url="http://org.eclipse.ui.intro/runAction?pluginId=org.eclipse.pde.ui&amp;class=org.eclipse.pde.ui.internal.samples.ShowSampleAction&amp;id=org.eclipse.sdk.samples.swt.examples" id="swt-examples" style-id="sample-link">
                    <text>The SWT Example launcher will allow you to launch a collection of SWT examples.  Some of the examples can be run independent of the eclipse platform and others will be available as views inside the workbench.</text>
                </link>
                <anchor id="swtGroupAnchor"/>
            </group>
            <group label="Workbench" id="workbench" style-id="samples-group">
                <text style-id="group-description">The following samples demonstrate how to tightly integrate into the Eclipse workbench.</text>
                <link label="Multi-page editor" url="http://org.eclipse.ui.intro/runAction?pluginId=org.eclipse.pde.ui&amp;class=org.eclipse.pde.ui.internal.samples.ShowSampleAction&amp;id=org.eclipse.sdk.samples.multipageeditor" id="multi-page-editor" style-id="sample-link">
                    <text>Shows how to create an editor with multiple pages</text>
                </link>
                <link label="Property sheet and outline" url="http://org.eclipse.ui.intro/runAction?pluginId=org.eclipse.pde.ui&amp;class=org.eclipse.pde.ui.internal.samples.ShowSampleAction&amp;id=org.eclipse.sdk.samples.propertysheet" id="property-sheet" style-id="sample-link">
                    <text>Demonstrates how to use property sheet and outline views</text>
                </link>
                <link label="Readme tool" url="http://org.eclipse.ui.intro/runAction?pluginId=org.eclipse.pde.ui&amp;class=org.eclipse.pde.ui.internal.samples.ShowSampleAction&amp;id=org.eclipse.sdk.samples.readmetool" id="readmetool" style-id="sample-link">
                    <text>Shows how to create your own extension points</text>
                </link>
                <anchor id="jdtAnchor"/>
                <anchor id="workbenchGroupAnchor"/>
            </group>
            <anchor id="endAnchor"/>
        </group>
    </page>
    <!-- 

-->
    <page style="css/whatsnew/whatsnew.css" alt-style="css/whatsnew/swt.properties" id="news" style-id="page">
        <title style-id="intro-header">Welcome to Eclipse 3.1</title>
        <group id="background-image" filteredFrom="swt"/>
        <group id="curve-image" filteredFrom="swt"/>
        <include path="overview/navigation-links"/>
        <group id="page-content">
            <group id="content-header" label="WHAT'S NEW" filteredFrom="swt">
            </group>
            <text style-id="page-title" id="page-title" filteredFrom="html">WHAT'S NEW</text>
            <anchor id="beginAnchor"/>
            <group id="noteworthy-links" label="New and Noteworthy">
                <link label="Eclipse Platform" url="http://org.eclipse.ui.intro/showHelpTopic?id=/org.eclipse.platform.doc.user/whatsNew/platform_whatsnew.html" id="platform-noteworthy" style-id="noteworthy-link">
                    <text>Find out about the major new features in this release</text>
                </link>
                <anchor id="jdtAnchor"/>
                <anchor id="pdeAnchor"/>
                <anchor id="generalAnchor"/>
            </group>
            <group id="news-links" label="General">
                <link label="Migration from the previous release" url="http://org.eclipse.ui.intro/showHelpTopic?id=/org.eclipse.platform.doc.isv/porting/eclipse_3_0_porting_guide.html" id="migration">
                    <text>Learn what you need to do to make your old code work in Eclipse 3.1</text>
                </link>
                <link label="New Updates" url="http://org.eclipse.ui.intro/runAction?pluginId=org.eclipse.ui.ide&amp;class=org.eclipse.ui.internal.ide.update.InstallWizardAction" id="updates">
                    <text>Get the latest updates from Eclipse.org</text>
                </link>
                <link label="Eclipse community" url="http://www.eclipse.org" id="eclipse">
                    <text>Join the community, read articles and news on Eclipse.org</text>
                </link>
                <anchor id="linksAnchor"/>
            </group>
            <anchor id="endAnchor"/>
        </group>
    </page>
    
	
    <page id="configure" content="css/configure/configure.xhtml" alt-style="css/configure/swt.properties">
        <title style-id="intro-header">Welcome to Eclipse 3.1</title>
        <include path="overview/navigation-links"/>
        <group id="page-content">
            <text style-id="page-title" id="page-title">CONFIGURE THE WORKBENCH</text>
			<group id="first-column">
            	<group id="workbench" label="Workbench">
					<text><![CDATA[Configure the workbench to quickly get started with your project. <a href="http://org.eclipse.ui.intro/showHelpTopic?id=/org.eclipse.platform.doc.user/whatsNew/platform_whatsnew.html">Open a Launch view</a> that has shortcuts to get you started.]]></text>
            	</group>
				<text><a id="eclipse-link" href="http://www.eclipse.org">website</a></text>
				<group id="activities" label="Activities">
					<text style-id="group-description">An activity is a logical grouping of function that is centered around a certain kind of task. Related activities can also be bound into categories, that can be used to customize the workbench. Learn more...</text>  
                	<text>The Eclipse SDK has the following categories. Click on any to disable/enable the corresponding category:</text>
					<group>
						<contentProvider id="contentProviderId" class="org.eclipse.platform.internal.intro.IntroXHTMLContentProvider" pluginId="org.eclipse.platform"> 
						</contentProvider> 
					</group>	
            	</group>
			</group>
			<group id="preferences" label="Preferences">
				<text style-id="group-description">Many aspects of the appearance and behavior of the Workbench can be customized to suit your individual needs.</text>
				<group id="preference-group">
                	<link label="General " url="http://org.eclipse.ui.intro/runAction?pluginId=org.eclipse.platform&amp;class=org.eclipse.platform.internal.intro.OpenPreferencesAction" id="general">
                   		<text>Launch all preferences.</text>
               		</link>
               	 	<link label="Appearance " url="http://org.eclipse.ui.intro/runAction?pluginId=org.eclipse.platform&amp;class=org.eclipse.platform.internal.intro.OpenPreferencesAction&amp;preferenceKeywordId=org.eclipse.ui.ide.appearance" id="appearance">
                   		<text>Appearance, colors and fonts, ... etc.</text>
               		</link>
					<link label="Editing  " url="http://org.eclipse.ui.intro/runAction?pluginId=org.eclipse.platform&amp;class=org.eclipse.platform.internal.intro.OpenPreferencesAction&amp;preferenceKeywordId=org.eclipse.ui.ide.editing" id="editing">
                   		<text>Editor preferences, file associations &amp; keys.</text>
               		</link>
					<link label="Team" url="http://org.eclipse.ui.intro/runAction?pluginId=org.eclipse.platform&amp;class=org.eclipse.platform.internal.intro.OpenPreferencesAction&amp;preferenceKeywordId=org.eclipse.team.ui" id="team">
                   		<text>CVS, file content... etc.</text>
               		</link>
					<link label="Java" url="http://org.eclipse.ui.intro/runAction?pluginId=org.eclipse.platform&amp;class=org.eclipse.platform.internal.intro.OpenPreferencesAction&amp;preferenceKeywordId=org.eclipse.jdt.ui" id="java">
                   		<text>Appearance, build path, editor... etc.</text>
               		</link>
					<link label="Plug-in Development" url="http://org.eclipse.ui.intro/runAction?pluginId=org.eclipse.platform&amp;class=org.eclipse.platform.internal.intro.OpenPreferencesAction&amp;preferenceKeywordId=org.eclipse.pde.ui" id="plug-in-Development">
                   		<text>Target platform, editor and compiler.</text>
               		</link>
				</group>
				<group id="import-group">
					<link label="Import Preferences" url="http://org.eclipse.ui.intro/runAction?pluginId=org.eclipse.platform&amp;class=org.eclipse.platform.internal.intro.RunActionFromId&amp;actionId=import" id="importPref">
                   		<text>Import preferences from a previous workspace.</text>
               		</link>
				</group>
            </group>
        </group>
    </page>
	

	
	
</introContent>