<?xml version="1.0" encoding="UTF-8" ?>
<introContent>
	
  	<page id="homePageId" content="content/xhtmlTestcases.xhtml"/>
  
  	<page id="hw" content="content/UTF8 Testcases/hw.xhtml"/> 
  	<page id="hw_basic"  content="content/UTF8 Testcases/hw_basic.xhtml"/> 	
  	<page id="hw_strict"  content="content/UTF8 Testcases/hw_strict.xhtml"/> 	
  	<page id="hw_transitional"  content="content/UTF8 Testcases/hw_transitional.xhtml"/>   		
  	<page id="hw_frameset"  content="content/UTF8 Testcases/hw_frameset.xhtml"/>
  	<page id="zg"  content="content/zen garden/zengarden-sample.xhtml"/> 
  	
  	<page id="hw_nodoc"  content="content/Misc Testcases/hw_nodoc.xhtml"/>   	
  	<page id="zg_nodoc"  content="content/zen garden/zengarden-sample_nodoc.xhtml"/> 
  	
  	<page id="mc" content="content/merryChristmas/mc.xhtml"/> 
  	<page id="testInvalidPage" content="content/Misc Testcases/testInvalidPage.xhtml"/> 
  	<page id="test_file" content="content/Misc Testcases/test_file.xhtml"/> 

  	
  	<page id="zg_enc"  content="content/zen garden/zengarden-sample_enc.xhtml"/> 
  
  	<page id="resource"  content="content/folder/ResourceTests.xhtml"/>
  	<page id="general"  content="content/Extension Testcases/general.xhtml"/>
  	<page id="test_anc"  content="content/Extension Testcases/test_anchors.xhtml"/>
  	<page id="test_inc"  content="content/Extension Testcases/test_includes.xhtml"/>
	<page id="zg_anc"  content="content/zen garden/zengarden-sample_anc.xhtml"/> 
	<page id="zg_ext"  content="content/Extension Testcases/zg_ext.xhtml"/>
	<page id="testgetElementById"  content="content/Extension Testcases/testGetElementById.xhtml"/>


	
</introContent>

