<?xml version="1.0" encoding="UTF-8" ?>
<introContent>

	<!-- *****************************************************************
	  * The current rational root page.  This page is NOT a template.  It
	  * has only been added in here to demonstrate how the notion of
	  * roles can be surfaced in the welcome from the root page. This page
	  * and it's associated style was simply copied from the R3 milestone
	  * build
	  ***************************************************************** -->
	<page 
		id="root" 
		style-id="page" 
		style="css/root.css" 
		alt-style="css/root_swt.properties">
		<head src="head.html"/>
		<title style-id="intro-header">Rational Software Development Platform</title>
		<group id="links-background">
			<group id="page-links">
				<!-- Links to the Transition Pages -->
				<!-- Overview Link -->
				<link label="Overview" url="http://org.eclipse.ui.intro/showPage?id=content-template" id="overview" style-id="left">
					<text>Find out what the Rational Software Development Platform is all about</text>
				</link>
				<!-- Steps -->
				<link label="First Steps" url="http://org.eclipse.ui.intro/showPage?id=content-template" id="steps" style-id="left">
					<text>Build applications with new or existing content</text>
				</link>						
				<!-- Tutorials -->
				<link label="Tutorials" url="http://org.eclipse.ui.intro/showPage?id=content-template" id="tutorials" style-id="left">
					<text>Let us guide you through Rational end-to-end tutorials</text>
				</link>				
				<!-- Samples -->
				<link label="Samples" url="http://org.eclipse.ui.intro/showPage?id=content-template" id="samples" style-id="right">
					<text>Explore the Rational Software Development Platform through code samples</text>
				</link>				
				<!-- Whats New -->
				<link label="What&apos;s New" url="http://org.eclipse.ui.intro/showPage?id=content-template" id="news" style-id="right">
					<text>Discover new features or migrate existing projects</text>
				</link>				
				<!-- Web Resources -->
				<link label="Web Resources" url="http://org.eclipse.ui.intro/showPage?id=content-template" id="web" style-id="right">
					<text>Find information on the web</text>
				</link>					
			</group>
		</group>
		<!-- Go to Workbench action -->
		<group id="action-links">
			<link url="http://org.eclipse.ui.intro/close" label="Workbench" id="workbench">
				<text>Go to the workbench</text>
			</link>
		</group>	
		<contentProvider id="roles"
				 class="com.ibm.rational.intro.template.CategoriesContentProvider">
			<text>Enable or disable roles</text>
		</contentProvider>	
	</page>

	 <!-- *****************************************************************
	  * A sample content page.  This page defines both navigation links and
	  * main content.  However, subsequent pages can simply include the
	  * navigation sections defined in this page (no need to duplicate
	  * definitions of these sections).
	  ***************************************************************** -->
	<page id="content-template" style-id="page" style="css/content.css" alt-style="css/content.properties">
		<!-- The main title for this page of the intro -->
		<title style-id="intro-header" id="content-header">Welcome to Rational Software Development Platform</title>
		
		<!-- *****************************************************************
		  ** These two groups display the background images across the top of the 
		  ** page.  The background-image group shows the main background, and the 
		  ** curve-image group shows the curve image that is centered in the page 
		  ***************************************************************** -->
		<group id="background-image" filteredFrom="swt"></group>
        <group id="curve-image" filteredFrom="swt"></group>
        
        <!-- *****************************************************************
          ** The top-navigation section defines the navigation bar that is displayed
		  ** across the top of the page. Using CSS it is positioned over top of the
		  ** background images defined above.  This is the main navigation section 
		  ** for the intro.  
		  ***************************************************************** -->
		<group id="top-navigation">
			<link
            	label="Overview"
                url="http://org.eclipse.ui.intro/showPage?id=more-content"
                id="overview-link"
				style-id="navlink"><text> </text>
           </link>
           <link
            	label="Tutorials"
                url="http://org.eclipse.ui.intro/showPage?id=more-content"
                id="tutorials-link"
				style-id="navlink"><text> </text>
           </link>
           <link
            	label="Samples"
                url="http://org.eclipse.ui.intro/showPage?id=more-content"
                id="samples-link"
				style-id="navlink"><text> </text>
           </link>
           <link
            	label="First Steps"
                url="http://org.eclipse.ui.intro/showPage?id=test"
                id="steps-link"
				style-id="navlink"><text> </text>
           </link> 
           <link
            	label="Returning &lt;BR/&gt;Users"
                url="http://org.eclipse.ui.intro/showPage?id=more-content"
                id="returning-link"
				style-id="navlink"><text> </text>
           </link> 
           <link
            	label="Web &lt;BR/&gt;Resources"
                url="http://org.eclipse.ui.intro/showPage?id=more-content"
                id="resources-link"
				style-id="navlink"><text> </text>
           </link> 
           <anchor id="topNavContributions"/>
           
			<!-- *****************************************************************
          	 ** The action-links section defines core links that are not 
		  	 ** used to navigate between intro pages, but that invoke an action.
		  	 ** Currently the only core action link in the intro is 
		  	 ** the Workbench link, which transitions users from the full intro 
		  	 ** into the workbench.
		     ***************************************************************** -->
		   <group id="action-links">
	           <link
                url="http://org.eclipse.ui.intro/showStandby?partId=org.eclipse.ui.intro.contextHelp"
                label="Workbench"
                id="workbench">
	              <text>Go to the workbench but stay around helping me as I browse</text>
	           </link>
	           <anchor id="actionLinkContributions"/>
	        </group>
		</group>
		
        
        <!-- *****************************************************************
          ** The side-background-bar group runs across the top of the intro, below
		  ** the top-navigation section.  It is separate from the side-navigation
		  ** group because it contains the transition background image, which 
		  ** fades into the main content section and also handles displaying the
		  ** curved corner of the main content section.
		  ** The side-background-bar group also defines the title for the side
		  ** navigation section.
		  ***************************************************************** -->
        <group id="side-background-bar" >
        	<text id="side-nav-title">Side Bar Title</text>
		</group>
		
		<!-- *****************************************************************
          ** The side-navigation section defines all of the secondary navigation 
		  ** links that are defined for this page.  The links defined in this
		  ** section are displayed down the left side of the intro.
		  ***************************************************************** -->
		<group id="side-navigation">
		   <link
            	label="Vertical Layout 1"
                url="http://org.eclipse.ui.intro/showPage?id=content-vertical-1"
                id="sidelink1"
				style-id="sidelink"><text> </text>
           </link>
		   <link
            	label="Vertical Layout 2"
                url="http://org.eclipse.ui.intro/showPage?id=content-vertical-2"
                id="sidelink2"
				style-id="sidelink"><text> </text>
           </link>
		   <link
            	label="Vertical Layout 3"
                url="http://org.eclipse.ui.intro/showPage?id=content-vertical-3"
                id="sidelink3"
				style-id="sidelink"><text> </text>
           </link>
		   <link
            	label="Horizontal Layout 1"
                url="http://org.eclipse.ui.intro/showPage?id=content-horizontal-1"
                id="sidelink4"
				style-id="sidelink"><text> </text>
           </link>	
           <link
            	label="Horizontal Layout 2"
                url="http://org.eclipse.ui.intro/showPage?id=content-horizontal-2"
                id="sidelink5"
				style-id="sidelink"><text> </text>
           </link>	   
           <anchor id="sideNavContributions"/>     
		</group>
		
		<!-- *****************************************************************
          ** The main-content area contains the main content for this particular
		  ** page.  This is where the real meat of the page should be defined.
		  ***************************************************************** -->
		<group id="main-content">
			<text id="content-title">Main Content Title</text>
			<text style-id="paragraph-header">Paragraph header</text>
			<text id="problem1" style-id="content">&lt;i&gt;Problem:&lt;/i&gt; Your friboozilator isn't responding...</text>
			<text id="solution1" style-id="content">&lt;i&gt;Solution: &lt;/i&gt;Restart the program.</text>
			<group style-id="problem-description">
				<text id="problem2" style-id="italic-content">Problem:</text>
				<text id="problem2description" style-id="content">Your friboozilator STILL isn't responding...</text>
			</group>
			<group style-id="problem-description">
				<text id="solution2" style-id="italic-content">Solution:</text>
				<text id="problem2description" style-id="content">Restart the program AGAIN</text>
			</group>
			<text id="bullet">&lt;li&gt;Here is a bullet&lt;/li&gt;</text>
			<text id="link1" style-id="content">If you have questions about Eclipse, go to the &lt;a id=&quot;eclipse-link&quot; href=&quot;http://www.eclipse.org&quot;&gt;website&lt;/a&gt;. There are several articles and plugins available there.</text>
			<text style-id="content">Lorem ipsum dolor sit amet, consectetuer adipiscing elit, sed diam nonummy nibh euismod tincidunt ut laoreet dolore magna aliquam erat volutpat. Ut wisi enim ad minim veniam, quis nostrud exerci tation ullamcorper suscipit lobortis nisl ut aliquip ex ea commodo consequat. Duis autem vel eum iriure dolor in hendrerit in vulputate velit esse molestie consequat, vel illum dolore eu feugiat nulla facilisis at vero eros et accumsan et iusto odio dignissim qui blandit praesent luptatum zzril delenit augue duis dolore te feugait nulla facilisi.</text>
		</group>
	</page>
	
	<!-- *****************************************************************
	 * A sample secondary page that includes most of its content from the
	 * previous page.  Only the main content for this page is defined new.
	 ***************************************************************** -->
	<page id="more-content" style-id="page" style="css/content.css" alt-style="css/moreContent.properties">
		<!-- Define the main title for this page -->
		<title style-id="intro-header" id="content-header">Welcome to Rational Software Development Platform</title>
		
		<!-- The background images for this page -->
		<group id="background-image" filteredFrom="swt"></group>
        <group id="curve-image" filteredFrom="swt"></group>
        
        <!-- include the main navigation and action links from the main page -->
		<include path="content-template/top-navigation" merge-style="true"></include>
		<include path="content-template/action-links" merge-style="true"></include>
		
		<!-- define the title for the side navigation section -->
		<group id="side-background-bar">
        	<text id="side-nav-title">New Nav Title</text>
		</group>
		
		<!-- include the side navigation links from the main page -->
		<include path="content-template/side-navigation" merge-style="true"></include>
		
		<!-- *****************************************************************
          ** Define the main content for this page
		  ***************************************************************** -->
		<group id="main-content">
			<text id="content-title">Some More Content</text>
			<text style-id="paragraph-header" id="aPa">Another paragraph header</text>
			<text style-id="content">Lorem ipsum dolor sit amet, consectetuer adipiscing elit, sed diam nonummy nibh euismod tincidunt ut laoreet dolore magna aliquam erat volutpat. Ut wisi enim ad minim veniam, quis nostrud exerci tation ullamcorper suscipit lobortis nisl ut aliquip ex ea commodo consequat. Duis autem vel eum iriure dolor in hendrerit in vulputate velit esse molestie consequat, vel illum dolore eu feugiat nulla facilisis at vero eros et accumsan et iusto odio dignissim qui blandit praesent luptatum zzril delenit augue duis dolore te feugait nulla facilisi.</text>
		</group>
		
		<!-- *****************************************************************
          ** A special group that contains the product logo.  This should only
		  ** be used in the HTML implementation
		  ***************************************************************** -->
		<group id="logo" filteredFrom="swt">
		</group>
	</page>
	
	<!-- *****************************************************************
	 * A sample secondary page whose content is a large image and some
     * text.  This page is layed out vertically
	 ***************************************************************** -->
	<page id="content-vertical-1" style-id="page" style="css/verticalContent.css" alt-style="css/verticalContent1.properties">
		<!-- Define the main title for this page -->
		<title style-id="intro-header" id="content-header">Welcome to Rational Software Development Platform</title>
		
		<!-- The background images for this page -->
		<group id="background-image" filteredFrom="swt"></group>
        <group id="curve-image" filteredFrom="swt"></group>
        
        <!-- include the main navigation and action links from the main page -->
		<include path="content-template/top-navigation" merge-style="true"></include>
		<include path="content-template/action-links" merge-style="true"></include>
		
		<!-- define the title for the side navigation section -->
		<group id="side-background-bar">
        	<text id="side-nav-title">Content Templates</text>
		</group>
		
		<!-- include the side navigation links from the main page -->
		<include path="content-template/side-navigation" merge-style="true"></include>
		
		<!-- *****************************************************************
          ** Define the main content for this page
		  ***************************************************************** -->
		<group id="main-content">
			<group id="image-content" style-id="centered">
				<text id="image-title">Image Title</text>
				<img id="projectImage" alt="text that describes the image" style-id="vertical" src="css/graphics/contentpage/travel_project.gif">
				</img>
			</group>
			<text style-id="paragraph-header">A paragraph header</text>
			<text style-id="content">Lorem ipsum dolor sit amet, consectetuer adipiscing elit, sed diam nonummy nibh euismod tincidunt ut laoreet dolore magna aliquam erat volutpat. Ut wisi enim ad minim veniam, quis nostrud exerci tation ullamcorper suscipit lobortis nisl ut aliquip ex ea commodo consequat. Duis autem vel eum iriure dolor in hendrerit in vulputate velit esse molestie consequat, vel illum dolore eu feugiat nulla facilisis at vero eros et accumsan et iusto odio dignissim qui blandit praesent luptatum zzril delenit augue duis dolore te feugait nulla facilisi.</text>
		</group>
		
		<!-- *****************************************************************
          ** A special group that contains the product logo.  This should only
		  ** be used in the HTML implementation
		  ***************************************************************** -->
		<group id="logo" filteredFrom="swt">
		</group>
	</page>
	
	<!-- *****************************************************************
	 * A sample secondary page whose content is a large image and some
     * text.  This page is layed out vertically
	 ***************************************************************** -->
	<page id="content-vertical-2" style-id="page" style="css/verticalContent.css" alt-style="css/verticalContent2.properties">
		<!-- Define the main title for this page -->
		<title style-id="intro-header" id="content-header">Welcome to Rational Software Development Platform</title>
		
		<!-- The background images for this page -->
		<group id="background-image" filteredFrom="swt"></group>
        <group id="curve-image" filteredFrom="swt"></group>
        
        <!-- include the main navigation and action links from the main page -->
		<include path="content-template/top-navigation" merge-style="true"></include>
		<include path="content-template/action-links" merge-style="true"></include>
		
		<!-- define the title for the side navigation section -->
		<group id="side-background-bar">
        	<text id="side-nav-title">Content Templates</text>
		</group>
		
		<!-- include the side navigation links from the main page -->
		<include path="content-template/side-navigation" merge-style="true"></include>
		
		<!-- *****************************************************************
          ** Define the main content for this page
		  ***************************************************************** -->
		<group id="main-content">
			<text style-id="content">Lorem ipsum dolor sit amet, consectetuer adipiscing elit, sed diam nonummy nibh euismod tincidunt ut laoreet dolore magna aliquam erat volutpat. Ut wisi enim ad minim veniam, quis nostrud exerci tation ullamcorper suscipit lobortis nisl ut aliquip ex ea commodo consequat. Duis autem vel eum iriure dolor in hendrerit in vulputate velit esse molestie consequat, vel illum dolore eu feugiat nulla facilisis at vero eros et accumsan et iusto odio dignissim qui blandit praesent luptatum zzril delenit augue duis dolore te feugait nulla facilisi.</text>
			<text style-id="content">Lorem ipsum dolor sit amet, consectetuer adipiscing elit, sed diam nonummy nibh euismod tincidunt ut laoreet dolore magna aliquam erat volutpat. Ut wisi enim ad minim veniam, quis nostrud exerci tation ullamcorper suscipit lobortis nisl ut aliquip ex ea commodo consequat. Duis autem vel eum iriure dolor in hendrerit in vulputate velit esse molestie consequat, vel illum dolore eu feugiat nulla facilisis at vero eros et accumsan et iusto odio dignissim qui blandit praesent luptatum zzril delenit augue duis dolore te feugait nulla facilisi.</text>
			<text style-id="content">Lorem ipsum dolor sit amet, consectetuer adipiscing elit, sed diam nonummy nibh euismod tincidunt ut laoreet dolore magna aliquam erat volutpat. Ut wisi enim ad minim veniam, quis nostrud exerci tation ullamcorper suscipit lobortis nisl ut aliquip ex ea commodo consequat. Duis autem vel eum iriure dolor in hendrerit in vulputate velit esse molestie consequat, vel illum dolore eu feugiat nulla facilisis at vero eros et accumsan et iusto odio dignissim qui blandit praesent luptatum zzril delenit augue duis dolore te feugait nulla facilisi.</text>
			<group id="image-content" style-id="centered">
				<img id="projectImage" alt="text that describes the image" style-id="vertical" src="css/graphics/contentpage/travel.gif">
				</img>
			</group>
		</group>
		
		<!-- *****************************************************************
          ** A special group that contains the product logo.  This should only
		  ** be used in the HTML implementation
		  ***************************************************************** -->
		<group id="logo" filteredFrom="swt">
		</group>
	</page>
	
	<!-- *****************************************************************
	 * A sample secondary page whose content is a large image and some
     * text.  This page is layed out vertically
	 ***************************************************************** -->
	<page id="content-vertical-3" style-id="page" style="css/verticalContent.css" alt-style="css/verticalContent3.properties">
		<!-- Define the main title for this page -->
		<title style-id="intro-header" id="content-header">Welcome to Rational Software Development Platform</title>
		
		<!-- The background images for this page -->
		<group id="background-image" filteredFrom="swt"></group>
        <group id="curve-image" filteredFrom="swt"></group>
        
        <!-- include the main navigation and action links from the main page -->
		<include path="content-template/top-navigation" merge-style="true"></include>
		<include path="content-template/action-links" merge-style="true"></include>
		
		<!-- define the title for the side navigation section -->
		<group id="side-background-bar">
        	<text id="side-nav-title">Content Templates</text>
		</group>
		
		<!-- include the side navigation links from the main page -->
		<include path="content-template/side-navigation" merge-style="true"></include>
		
		<!-- *****************************************************************
          ** Define the main content for this page
		  ***************************************************************** -->
		<group id="main-content">
			<text style-id="content">Lorem ipsum dolor sit amet, consectetuer adipiscing elit, sed diam nonummy nibh euismod tincidunt ut laoreet dolore magna aliquam erat volutpat. Ut wisi enim ad minim veniam, quis nostrud exerci tation ullamcorper suscipit lobortis nisl ut aliquip ex ea commodo consequat. Duis autem vel eum iriure dolor in hendrerit in vulputate velit esse molestie consequat, vel illum dolore eu feugiat nulla facilisis at vero eros et accumsan et iusto odio dignissim qui blandit praesent luptatum zzril delenit augue duis dolore te feugait nulla facilisi.</text>
			<text style-id="content">Lorem ipsum dolor sit amet, consectetuer adipiscing elit, sed diam nonummy nibh euismod tincidunt ut laoreet dolore magna aliquam erat volutpat. Ut wisi enim ad minim veniam, quis nostrud exerci tation ullamcorper suscipit lobortis nisl ut aliquip ex ea commodo consequat. Duis autem vel eum iriure dolor in hendrerit in vulputate velit esse molestie consequat, vel illum dolore eu feugiat nulla facilisis at vero eros et accumsan et iusto odio dignissim qui blandit praesent luptatum zzril delenit augue duis dolore te feugait nulla facilisi.</text>
			<group id="image-content" style-id="centered">
				<img id="projectImage" alt="text that describes the image" style-id="vertical" src="css/graphics/contentpage/reservation.gif">
				</img>
			</group>
		</group>
		
		<!-- *****************************************************************
          ** A special group that contains the product logo.  This should only
		  ** be used in the HTML implementation
		  ***************************************************************** -->
		<group id="logo" filteredFrom="swt">
		</group>
	</page>
	
	<!-- *****************************************************************
	 * A sample secondary page whose content is an image and some
     * text.  This page is layed out horizontally
	 ***************************************************************** -->
	<page id="content-horizontal-1" style-id="page" style="css/horizontalContent.css" alt-style="css/horizontalContent1.properties">
		<!-- Define the main title for this page -->
		<title style-id="intro-header" id="content-header">Welcome to Rational Software Development Platform</title>
		
		<!-- The background images for this page -->
		<group id="background-image" filteredFrom="swt"></group>
        <group id="curve-image" filteredFrom="swt"></group>
        
        <!-- include the main navigation and action links from the main page -->
		<include path="content-template/top-navigation" merge-style="true"></include>
		<include path="content-template/action-links" merge-style="true"></include>
		
		<!-- define the title for the side navigation section -->
		<group id="side-background-bar">
        	<text id="side-nav-title">Content Templates</text>
		</group>
		
		<!-- include the side navigation links from the main page -->
		<include path="content-template/side-navigation" merge-style="true"></include>
		
		<!-- *****************************************************************
          ** Define the main content for this page
		  ***************************************************************** -->
		<group id="main-content">
			<group id="rhs" style-id="horizontal">
				<text style-id="paragraph-header">A paragraph header</text>
				<text style-id="content">Lorem ipsum dolor sit amet, consectetuer adipiscing elit, sed diam nonummy nibh euismod tincidunt ut laoreet dolore magna aliquam erat volutpat. Ut wisi enim ad minim veniam, quis nostrud exerci tation ullamcorper suscipit lobortis nisl ut aliquip ex ea commodo consequat. Duis autem vel eum iriure dolor in hendrerit in vulputate velit esse molestie consequat, vel illum dolore eu feugiat nulla facilisis at vero eros et accumsan et iusto odio dignissim qui blandit praesent luptatum zzril delenit augue duis dolore te feugait nulla facilisi.</text>
				<text style-id="content">Lorem ipsum dolor sit amet, consectetuer adipiscing elit, sed diam nonummy nibh euismod tincidunt ut laoreet dolore magna aliquam erat volutpat. Ut wisi enim ad minim veniam, quis nostrud exerci tation ullamcorper suscipit lobortis nisl ut aliquip ex ea commodo consequat. Duis autem vel eum iriure dolor in hendrerit in vulputate velit esse molestie consequat, vel illum dolore eu feugiat nulla facilisis at vero eros et accumsan et iusto odio dignissim qui blandit praesent luptatum zzril delenit augue duis dolore te feugait nulla facilisi.</text>
			</group>		
			<group id="lhs" style-id="horizontal">
				<img id="projectImage" alt="text that describes the image" style-id="horizontal" src="css/graphics/contentpage/travel.gif">
				</img>
			</group>
		</group>
		
		<!-- *****************************************************************
          ** A special group that contains the product logo.  This should only
		  ** be used in the HTML implementation
		  ***************************************************************** -->
		<group id="logo" filteredFrom="swt">
		</group>
	</page>

	<!-- *****************************************************************
	 * A sample secondary page whose content is an image and some
     * text.  This page is layed out horizontally
	 ***************************************************************** -->
	<page id="content-horizontal-2" style-id="page" style="css/horizontalContent2.css" alt-style="css/horizontalContent2.properties">
		<!-- Define the main title for this page -->
		<title style-id="intro-header" id="content-header">Welcome to Rational Software Development Platform</title>
		
		<!-- The background images for this page -->
		<group id="background-image" filteredFrom="swt"></group>
        <group id="curve-image" filteredFrom="swt"></group>
        
        <!-- include the main navigation and action links from the main page -->
		<include path="content-template/top-navigation" merge-style="true"></include>
		<include path="content-template/action-links" merge-style="true"></include>
		
		<!-- define the title for the side navigation section -->
		<group id="side-background-bar">
        	<text id="side-nav-title">Content Templates</text>
		</group>
		
		<!-- include the side navigation links from the main page -->
		<include path="content-template/side-navigation" merge-style="true"></include>
		
		<!-- *****************************************************************
          ** Define the main content for this page
		  ***************************************************************** -->
		<group id="main-content">
			<group id="rhs" style-id="horizontal">
				<img id="projectImage" alt="text that describes the image" style-id="horizontal" src="css/graphics/contentpage/travel.gif">
				</img>
			</group>
			<group id="lhs" style-id="horizontal">
				<text style-id="paragraph-header">A paragraph header</text>
				<text style-id="content">Lorem ipsum dolor sit amet, consectetuer adipiscing elit, sed diam nonummy nibh euismod tincidunt ut laoreet dolore magna aliquam erat volutpat. Ut wisi enim ad minim veniam, quis nostrud exerci tation ullamcorper suscipit lobortis nisl ut aliquip ex ea commodo consequat. Duis autem vel eum iriure dolor in hendrerit in vulputate velit esse molestie consequat, vel illum dolore eu feugiat nulla facilisis at vero eros et accumsan et iusto odio dignissim qui blandit praesent luptatum zzril delenit augue duis dolore te feugait nulla facilisi.</text>
			</group>
		</group>
		
		<!-- *****************************************************************
          ** A special group that contains the product logo.  This should only
		  ** be used in the HTML implementation
		  ***************************************************************** -->
		<group id="logo" filteredFrom="swt">
		</group>
	</page>
	
	<page style="css/roles/roles.css" id="roles" style-id="page">
		<!-- Define the main title for this page -->
		<title style-id="intro-header" id="content-header">Welcome to Rational Software Development Platform</title>
		
		<!-- The background images for this page -->
		<group id="background-image" filteredFrom="swt"></group>
        <group id="curve-image" filteredFrom="swt"></group>
        
        <!-- include the main navigation and action links from the main page -->
		<include path="content-template/top-navigation" merge-style="true"></include>
		<include path="content-template/action-links" merge-style="true"></include>
		
		<!-- define the title for the side navigation section -->
		<group id="side-background-bar">
        	<text id="side-nav-title">Content Templates</text>
		</group>
		
		<!-- include the side navigation links from the main page -->
		<include path="content-template/side-navigation" merge-style="true"></include>
		
		<!-- *****************************************************************
          ** Define the main content for this page
		  ***************************************************************** -->
		<group id="main-content">
			<html id="roles"
	             class="com.ibm.rational.intro.template.HTMLRoleSnippetProvider"
	             type="inline">
	          <text>Enable/disable user roles</text>
	        </html>
		</group>
	</page>
	
	<page id="test">
		<link label="A link"
                url="http://org.eclipse.ui.intro/runAction?class=com.ibm.rational.intro.template.actions.StartWebAndShowPage&amp;pluginId=com.ibm.rational.intro.template&amp;page=extra"
                id="link1">
               <text>link text </text>
        </link>
	</page>
</introContent>