<?xml version="1.0" encoding="UTF-8" ?>
<introContent>

  <!-- uncomment to start with static intro 
  <page id="homePageId" url="html/IntroActions.html "/>  -->

  <page id="homePageId" style="content/root.css"> 
  	<title>Eclipse Platform supported Intro actions</title>
	<link url="http://org.eclipse.ui.intro/showPage?id=actions" label="Intro URL actions in a dynamic HTML page created with intro XML markup."/>
  	<link url="html/IntroActions.html" label="Intro URL actions in a static HTML page (an XHTML page)."/>	
  </page>
  
  <page id="actions" style="content/root.css"> 
  		<title>Eclipse Platform supported Intro actions </title>
		<text>This page lists all the supported Intro Actions. It was created using intro xml markup. </text> 
		
		<text style-id="item">setStandbyMode</text> 
  		<link url="http://org.eclipse.ui.intro/setStandbyMode?standby=true" label="http://org.eclipse.ui.intro/setStandbyMode?standby=true"/>
  		
  		<link url="http://org.eclipse.ui.intro/close" label="http://org.eclipse.ui.intro/close"/>
  		
  		<link url="http://org.eclipse.ui.intro/showHelp" label="http://org.eclipse.ui.intro/showHelp"/>
  		
  		<link url="http://org.eclipse.ui.intro/showHelpTopic?id=/org.eclipse.platform.doc.isv/porting/eclipse_3_0_porting_guide.html" label="http://org.eclipse.ui.intro/showHelpTopic?id=/org.eclipse.platform.doc.isv/porting/eclipse_3_0_porting_guide.html"/>
  		<link url="http://org.eclipse.ui.intro/showHelpTopic?id=/org.eclipse.platform.doc.isv/porting/eclipse_3_0_porting_guide.html&amp;embed=true" label="http://org.eclipse.ui.intro/showHelpTopic?href=/org.eclipse.platform.doc.isv/porting/eclipse_3_0_porting_guide.html&amp;embed=true"/>
  		<link url="http://org.eclipse.ui.intro/showHelpTopic?id=/org.eclipse.platform.doc.isv/guide/firstplugin_create.htm&amp;embed=true" label="http://org.eclipse.ui.intro/showHelpTopic?href=/org.eclipse.platform.doc.isv/guide/firstplugin_create.htm&amp;embed=true"/>
  		
  		<link url="http://org.eclipse.ui.intro/openBrowser?url=http://eclipse.org" label="http://org.eclipse.ui.intro/openBrowser?url=http://eclipse.org"/>  		
  		<link url="http://org.eclipse.ui.intro/openBrowser?url=file://D:/Backup/Test HTMLs/flash_demo.htm" label="http://org.eclipse.ui.intro/openBrowser?url=file://D:/Backup/Test HTMLs/flash_demo.htm"/>  		
  		<link url="http://org.eclipse.ui.intro/openBrowser?url=dynamic002/html/welcomeEditor.html&amp;pluginId=org.eclipse.ui.intro.examples" label="http://org.eclipse.ui.intro/openBrowser?url=dynamic002/html/welcomeEditor.html&amp;pluginId=org.eclipse.ui.intro.examples"/>  		
		<link url="http://org.eclipse.ui.intro/openBrowser?url=dynamic002/html/welcomeEditor.html" label="http://org.eclipse.ui.intro/openBrowser?url=dynamic002/html/welcomeEditor.html (this will fail since there is no pluginId defined.)"/>
		
		
		<link url="http://org.eclipse.ui.intro/openURL?url=dynamic002/html/welcomeEditor.html&amp;pluginId=org.eclipse.ui.intro.examples" label="http://org.eclipse.ui.intro/openURL?url=dynamic002/html/welcomeEditor.html&amp;pluginId=org.eclipse.ui.intro.examples"/>
		<link url="http://org.eclipse.ui.intro/openURL?url=dynamic002/html/welcomeEditor.html " label="http://org.eclipse.ui.intro/openURL?url=dynamic002/html/welcomeEditor.html  (this will fail since there is no pluginId defined.)"/>
		
  		<link url="http://org.eclipse.ui.intro/runAction?pluginId=org.eclipse.ui.ide&amp;class=org.eclipse.ui.actions.QuickStartAction" label="http://org.eclipse.ui.intro/runAction?pluginId=org.eclipse.ui.ide&amp;class=org.eclipse.ui.actions.QuickStartAction"/>
  		
  		<link url="http://org.eclipse.ui.intro/runAction?pluginId=org.eclipse.ui.ide&amp;class=org.eclipse.ui.actions.QuickStartAction&amp;standby=true" label="http://org.eclipse.ui.intro/runAction?pluginId=org.eclipse.ui.ide&amp;class=org.eclipse.ui.actions.QuickStartAction&amp;standby=true"/>
  		
  		<link url="http://org.eclipse.ui.intro/showStandby?partId=org.eclipse.ui.intro.config.emptyStandby" label="http://org.eclipse.ui.intro/showStandby?partId=org.eclipse.ui.intro.config.emptyStandby"/>
  			<link url="http://org.eclipse.ui.intro/showStandby?partId=org.eclipse.platform.cheatsheet&amp;input=org.eclipse.jdt.helloworld.swt" label="http://org.eclipse.ui.intro/showStandby?partId=org.eclipse.platform.cheatsheet&amp;input=org.eclipse.jdt.helloworld.swt"/> 
  		
  		<link url="http://org.eclipse.ui.intro/showPortingGuide" label="http://org.eclipse.ui.intro/showPortingGuide demonstrates custom command which resolves to http://org.eclipse.ui.intro/showHelpTopic?id=/org.eclipse.platform.doc.isv/porting/eclipse_3_0_porting_guide.html"/>
  		
  		<link url="http://org.eclipse.ui.intro/myShowPageAction?id=homePageId" label="http://org.eclipse.ui.intro/myShowPageAction?id=homePageId demonstrates custom command which resolves to http://org.eclipse.ui.intro/runAction?pluginId=org.eclipse.ui.intro.examples&amp;class=org.eclipse.ui.intro.examples.dynamic002.MyShowPageAction&amp;id=homePageId" /> 
  		
  		<link url="" label=""/>
  		
  		<link url="" label=""/>
  		
  		<link url="" label=""/>
  		<link url="" label=""/>
  		<link url="" label=""/>
  		
  
  	</page>
  
</introContent>
