<introContent>

	<group style-id="shared class" id="shared_group_id" label="shared group">
		<text>This is the text of shared group</text>
		<link id="shard_Link1_id" label="Launch Help" url="someUrl">
			<text>link in shared group</text>
		</link>
	</group>
	
	<page alt-style="Root Page Alt Style" style-id="shared class" id="homePageId" standby-alt-style="Root Page Standby Alt Style" standby-style="Root Page Standby Style" style="html/css/RootPageStyle.css">
		<include merge-style="true" path="shared_group_id"/>
		<head src="Foo.txt"/>
		<title style-id="titleClassID" id="titleId">This is the title of root page</title>
		<link style-id="shared class" id="Link1_id" label="Page 1" url="http://org.eclipse.ui.intro/showPage?id=Page_1_id">
			<text>This is a link to the first page. It is a very long link this is why it is wrapping this like.  It is a very long link this is why it is wrapping this like.  It is a very long link this is why it is wrapping this like.</text>
		</link>
		<text>This is the description for Home Page</text>
		<img alt="alt text" id="rootPageImageId" src="icons/blank.gif"/>
	</page>
	
	<page alt-style="Page 1 alt-style" id="Page_1_id" style="html/css/Page1.css">
		<text id="textId">This is the first description for page 1</text>
		<include configId="testConfig" merge-style="false" path="homePageId/Link1_id"/>
		<include merge-style="true" path="homePageId/test"/>
		<html id="htmlId" src="html/demo/HTMLTest.html" type="inline">
			<img alt="alt text for image in html" id="htmlImageId" src="icons/blank.gif"/>
		</html>
		<text>This is the second text for page 1</text>
		<group id="group2_id" label="group 2">
			<text>This is the text for group 2</text>
			<include configId="includeConfigID" merge-style="true" path="Page_1_id/group1_id"/>
		</group>
		<link id="Link_1" label="Launch Help" url="http://org.eclipse.ui.intro/showHelp">
			<text>This link will open the eclipse help in another browser</text>
		</link>
		<link id="Link_2" label="Second Link" url="about:blank;">
			<text>This link should be in page 1</text>
		</link>
		<head src="Foo1.txt"/>
		<title style-id="titleClassID" id="titleId">This is the title of page 1</title>
	</page>
	
</introContent>
