<?xml version="1.0" encoding="UTF-8" ?> 
<cheatsheet title="CVS - الدمج من فرع الى آخر">

	<intro 
		href="/org.eclipse.platform.doc.user/reference/ref-cheatsheets.htm">
		<description>
ستقوم صفحة التعليمات cheat sheet هذه آليا بعرض برامج المعالجة وتنفيذ تصرفات وارشادك خلال الخطوات الخاصة بدمج تغييرات من تفرع CVS لتفرع آخر، أو الى HEAD. لمعرفة المزيد عن استخدام صفحة التعليمات cheat sheets أو مشاهدة كشف بكل صفحات التعليمات cheat sheets المتاحة اضغط مساعدة (?). لبدء التعامل مع صفحة التعليمات cheat sheet هذا، اضغط على الاختيار "اضغط للبدء" الذي يوجد بأسفل.</description>
	</intro>

	<item
		href="/org.eclipse.platform.doc.user/tasks/tasks-100b.htm"
		title="تحديد معلومات التفرع والنسخة">
		<description>
في هذه الخطوة يجب أن تحدد الاسم الخاص بالتفرع أو النسخة التي تحتوي على التغييرات الخاصة بك والنسخة التي تم تكوين التفرع منها. هذه المهمة يدوية، يجب أن تقوم بتنفيذها ثم الضغط على الاختيار "اضغط للاستكمال" للانتقال الى الخطوة التالية. 
		</description>
	</item>

	<item
		href="/org.eclipse.platform.doc.user/tasks/tasks-100b.htm"
		title="تحميل الوجهة في Workspace الخاص بك">
		<description>
اختر المشروع وحدد استبدال بواسطة &gt; نسخة أو فرع آخر من القائمة السياقية. عندئذ اختر الفرع الذي سيتم الاستبدال به. في هذه الخطوة يجب أن تتأكد من أن الوجهة تم تحميلها في Workspace الخاص بك. هذه المهمة يدوية، يجب أن تقوم بتنفيذها ثم الضغط على الاختيار "اضغط للاستكمال" للانتقال الى الخطوة التالية.</description>
	</item>

	<item
		href="/org.eclipse.platform.doc.user/tasks/tasks-100b.htm" 
		title="دمج التفاصيل  ">
		<description>
حدد المشروع، اختر فريق &gt; دمج وقم باستكمال برنامج المعالجة كما هو مطلوبة. تحدد هذه الخطوة تفاصيل عملية الدمج.  هذه المهمة يدوية، يجب أن تقوم بتنفيذها ثم الضغط على الاختيار "اضغط للاستكمال" للانتقال الى الخطوة التالية.</description>
	</item>

	<item
		href="/org.eclipse.platform.doc.user/tasks/tasks-100b.htm"
		title="التعامل مع برنامج التحرير الخاص بالدمج  ">
		<description>
في برنامج التحرير الخاص بالدمج، قم بدمج التغييرات يدويا.  تقوم هذه الخطوة بتحميل التغييرات المطلوبة في مساحة العمل.  هذه المهمة يدوية، يجب أن تقوم بتنفيذها ثم الضغط على الاختيار "اضغط للاستكمال" للانتقال الى الخطوة التالية.</description>
	</item>

	<item
		href="/org.eclipse.platform.doc.user/tasks/tasks-100b.htm"
		title="تخصيص التغييرات الخاصة بك  ">
		<description>
حدد فريق &gt; تحديث بمستودع التخزين ثم قم بتخصيص كل التغييرات الى مستودع التخزين.  ستقوم هذه الخطوة بانهاء نقل التغييرات من مساحة العمل الى مستودع تخزين CVS.  هذه المهمة يدوية، يجب أن تقوم بتنفيذها ثم الضغط على الاختيار "اضغط للاستكمال" للانتقال الى الخطوة التالية.</description>
	</item>

</cheatsheet>
