<?xml version="1.0" encoding="UTF-8" ?>
<introContent>
  <!-- 

-->
  <page alt-style="css/root_swt.properties" style="css/shared_delta.css,css/root.css,css/root_delta.css" id="root" style-id="page">
    <title style-id="intro-header">مرحبا بك في Eclipse 3.0</title>
    <group id="links-background">
      <group id="page-links">
        <link label="مقدمة" url="http://org.eclipse.ui.intro/showPage?id=overview" id="overview" style-id="right">
          <img id="overview_img" style-id="content-img" src="css/graphics/icons/etool/overview72.gif" alt="Overview"></img>
          <text>التعرف على نبذة عن Eclipse</text>
        </link>
        <link label="البرامج التعليمية" url="http://org.eclipse.ui.intro/showPage?id=tutorials" id="tutorials" style-id="right">
	      <img id="tutorials_img" style-id="content-img" src="css/graphics/icons/etool/tutorials72.gif" alt="Tutorials"></img>
          <text>دعنا نرشدك خلال برامج Eclipse التعليمية</text>
        </link>
        <link label="أمثلة" url="http://org.eclipse.ui.intro/showPage?id=samples" id="samples" style-id="left">
          <img id="samples_img" style-id="content-img" src="css/graphics/icons/etool/samples72.gif" alt="Samples"></img>
          <text>اكتشف تطوير Eclipse من خلال أمثلة الكود</text>
        </link>
        <link label="ما هو&apos;الجديد " url="http://org.eclipse.ui.intro/showPage?id=news" id="news" style-id="left">
          <img id="whatsnew_img" style-id="content-img" src="css/graphics/icons/etool/whatsnew72.gif" alt="What&apos;s New"></img>
          <text>تعرف على الجديد في هذا الاصدار</text>
        </link>
      </group>
    </group>
    <group id="action-links">
      <link url="http://org.eclipse.ui.intro/close" label="Workbench" id="workbench">
        <img id="workbench_img" style-id="content-img" src="css/graphics/icons/etool/wb48.gif" alt="Go to the workbench"></img>
        <text>اذهب الى Workbench</text>
      </link>
    </group>
  </page>
  <!-- 

-->
  <page alt-style="css/standby_swt.properties" style="css/shared_delta.css,css/standby_root.css" id="standby" style-id="page">
    <title style-id="intro-header">مرحبا بك في Eclipse 3.0</title>
    <group id="links-background">
      <group id="page-links">
        <link label="مقدمة" url="http://org.eclipse.ui.intro/showPage?id=overview&amp;standby=false" id="overview" style-id="left">
          <text>التعرف على نبذة عن Eclipse</text>
        </link>
        <link label="البرامج التعليمية" url="http://org.eclipse.ui.intro/showPage?id=tutorials&amp;standby=false" id="tutorials" style-id="left">
          <text>دعنا نرشدك خلال برامج Eclipse التعليمية</text>
        </link>
        <link label="أمثلة" url="http://org.eclipse.ui.intro/showPage?id=samples&amp;standby=false" id="samples" style-id="right">
          <text>اكتشف تطوير Eclipse من خلال أمثلة الكود</text>
        </link>
        <link label="ما &apos;هو الجديد " url="http://org.eclipse.ui.intro/showPage?id=news&amp;standby=false" id="news" style-id="right">
          <text>تعرف على الجديد في هذا الاصدار</text>
        </link>
      </group>
    </group>
  </page>
  <!--

-->
  <page style="css/shared_delta.css,css/overview/overview.css,css/overview/overview_delta.css" alt-style="css/overview/swt.properties" id="overview" style-id="page">
    <title style-id="intro-header">مرحبا بك في Eclipse 3.0</title>
    <group id="background-image" filteredFrom="swt"/>
    <group id="curve-image" filteredFrom="swt"/>
    <group id="navigation-links" filteredFrom="swt">
      <group id="page-links">
        <link label="مقدمة" url="http://org.eclipse.ui.intro/showPage?id=overview" id="overview" style-id="left">
          <text>التعرف على نبذة عن Eclipse</text>
        </link>
        <link label="البرامج التعليمية" url="http://org.eclipse.ui.intro/showPage?id=tutorials" id="tutorials" style-id="left">
          <text>دعنا نرشدك خلال برامج Eclipse التعليمية</text>
        </link>
        <link label="أمثلة" url="http://org.eclipse.ui.intro/showPage?id=samples" id="samples" style-id="right">
          <text>اكتشف تطوير Eclipse من خلال أمثلة الكود</text>
        </link>
        <link label="ما &apos;هو الجديد " url="http://org.eclipse.ui.intro/showPage?id=news" id="news" style-id="right">
          <text>تعرف على الجديد في هذا الاصدار</text>
        </link>
      </group>
      <group id="action-links">
      	<link url="http://org.eclipse.ui.intro/close" label="Workbench" id="workbench">
        	<text>اذهب الى Workbench</text>
      	</link>
      </group>
    </group>
    <!-- -->
    <group id="page-content">
      <group id="content-header" label="نبذة عن" filteredFrom="swt"></group>
      <text style-id="page-title" id="page-title" filteredFrom="html">نبذة عن</text>
      <text style-id="page-description" id="page-description">Eclipse هو نوع بيئة تشغيل أداة عامة - عبارة عن IDE مفتوح يمكن تكبيره لأي شيء ولا شيء بصفة خاصة.  فهو يتيح بيئة تشغيل خاصة بالتطوير كثيرة الخصائص تسمح للمطورين بتكوين الأدوات التي يتم ادماجها بسهولة تامة في بيئة تشغيل Eclipse Platform بطريقة كفء.  </text>
      <group id="overview-links">
	<anchor id="beginAnchor"/>
        <link label="أساسيات Workbench  " url="http://org.eclipse.ui.intro/showHelpTopic?id=/org.eclipse.platform.doc.user/concepts/concepts-2.htm" id="basics">
          <text>تعرف على مفاهيم Eclipse workbench الأساسية  </text>
        </link>
        <link label="دعم الفريق  " url="http://org.eclipse.ui.intro/showHelpTopic?id=/org.eclipse.platform.doc.user/concepts/concepts-26.htm" id="team">
          <text>ايجاد كيفية التعاون مع المطورين الآخرين </text>
        </link>
        <anchor id="jdtAnchor"/>
        <anchor id="pdeAnchor"/>
	<anchor id="endAnchor"/>
      </group>
    </group>
  </page>
  <!-- 

-->
  <page style="css/shared_delta.css,css/tutorials/tutorials.css,css/tutorials/tutorials_delta.css" alt-style="css/tutorials/swt.properties" id="tutorials" style-id="page">
    <title style-id="intro-header">مرحبا بك في Eclipse 3.0</title>
    <group id="background-image" filteredFrom="swt"/>
    <group id="curve-image" filteredFrom="swt"/>
    <include path="overview/navigation-links"/>
    <group id="page-content">
      <group id="content-header" label="برامج تعليمية " filteredFrom="swt"></group>
      <text style-id="page-title" id="page-title" filteredFrom="html">برامج تعليمية </text>
      <text style-id="page-description" id="page-description">تعرف على كيفية أن تكون فعالا باستخدام Eclipse من خلال استكمال البرامج التعليمية التي سترشدك على طول الطريق. </text>
      <anchor id="beginAnchor"/>
      <anchor id="jdtAnchor"/>
      <anchor id="pdeAnchor"/>
      <anchor id="endAnchor"/>
    </group>
  </page>
  <!-- 

-->
  <page style="css/shared_delta.css,css/samples/samples.css,css/samples/samples_delta.css" alt-style="css/samples/swt.properties" id="samples" style-id="page">
    <title style-id="intro-header">مرحبا بك في Eclipse 3.0</title>
    <group id="background-image" filteredFrom="swt"/>
    <group id="curve-image" filteredFrom="swt"/>
    <include path="overview/navigation-links"/>
    <group id="page-content">
      <group id="content-header" label="أمثلة " filteredFrom="swt"></group>
      <text style-id="page-title" id="page-title" filteredFrom="html">أمثلة </text>
      <text style-id="page-description" id="page-description">استعرض Eclipse من خلال تركيب الأمثلة التي تم تكوينها مسبقا (قد يتطلب وجود وصلة انترنت).  </text>
      <anchor id="beginAnchor"/>
      <group label="SWT" id="swt" style-id="samples-group">
        <text style-id="group-description">قم بتشغيل أمثلة SWT باستخدام وحدة استعراض SWT المستقلة أو كمشاهدة Workbench متكاملة.  </text>
        <link label="مشاهدات Workbench التطبيقات المستقلة  " url="http://org.eclipse.ui.intro/runAction?pluginId=org.eclipse.pde.ui&amp;class=org.eclipse.pde.ui.internal.samples.ShowSampleAction&amp;id=org.eclipse.sdk.samples.swt.examples" id="swt-examples" style-id="sample-link">
          <text>سيسمح لك برنامج استعراض مثال SWT باستعراض مجموعة من أمثلة SWT.  يمكن تشغيل بعض الأمثلة بصفة مستقلة عن بيئة تشغيل eclipse وسيتم اتاحة الآخرين كمشاهدات في workbench. </text>
        </link>
        
        <anchor id="swtGroupAnchor"/>
      </group>
      <group label="Workbench" id="workbench" style-id="samples-group">
        <text style-id="group-description">توضح الأمثلة التالية كيفية الادماج باحكام في Eclipse workbench. </text>
        <link label="برنامج تحرير متعدد الصفحات " url="http://org.eclipse.ui.intro/runAction?pluginId=org.eclipse.pde.ui&amp;class=org.eclipse.pde.ui.internal.samples.ShowSampleAction&amp;id=org.eclipse.sdk.samples.multipageeditor" id="multi-page-editor" style-id="sample-link">
          <text>يقوم بعرض كيفية تكوين برنامج تحرير بصفحات متعددة  </text>
        </link>
        <link label="الشكل الخارجي وصفحة الخصائص  " url="http://org.eclipse.ui.intro/runAction?pluginId=org.eclipse.pde.ui&amp;class=org.eclipse.pde.ui.internal.samples.ShowSampleAction&amp;id=org.eclipse.sdk.samples.propertysheet" id="property-sheet" style-id="sample-link">
          <text>يقوم بتوضيح كيفية استخدام مشاهدات الشكل الخارجي وصفحة الخصائص  </text>
        </link>
        <link label="أداة Readme  " url="http://org.eclipse.ui.intro/runAction?pluginId=org.eclipse.pde.ui&amp;class=org.eclipse.pde.ui.internal.samples.ShowSampleAction&amp;id=org.eclipse.sdk.samples.readmetool" id="readmetool" style-id="sample-link">
          <text>يقوم بعرض كيفية تكوين نقاط اللاحقة الخاصة بك  </text>
        </link>
        <anchor id="jdtAnchor"/>
        <anchor id="workbenchGroupAnchor"/>
      </group>
      <anchor id="endAnchor"/>
    </group>
  </page>
  <!-- 

-->
  <page style="css/shared_delta.css,css/whatsnew/whatsnew.css,css/whatsnew/whatsnew_delta.css" alt-style="css/whatsnew/swt.properties" id="news" style-id="page">
    <title style-id="intro-header">مرحبا بك في Eclipse 3.0</title>
    <group id="background-image" filteredFrom="swt"/>
    <group id="curve-image" filteredFrom="swt"/>
    <include path="overview/navigation-links"/>
    <group id="page-content">
      <group id="content-header" label="ما الجديد " filteredFrom="swt"></group>
      <text style-id="page-title" id="page-title" filteredFrom="html">ما الجديد </text>
      <anchor id="beginAnchor"/>
      <group id="noteworthy-links" label="جديد وجدير بالملاحظة ">
        <link label="Eclipse Platform" url="http://org.eclipse.ui.intro/showHelpTopic?id=/org.eclipse.platform.doc.user/whatsNew/platform_whatsnew.html" id="platform-noteworthy" style-id="noteworthy-link">
          <text>ايجاد الخصائص الجديدة الرئيسية في هذا الاصدار </text>
        </link>
        <anchor id="jdtAnchor"/>
        <anchor id="pdeAnchor"/>
        <anchor id="generalAnchor"/>
      </group>
      <group id="news-links" label="عام">
        <link label="الانتقال من الاصدار السابق  " url="http://org.eclipse.ui.intro/showHelpTopic?id=/org.eclipse.platform.doc.isv/porting/eclipse_3_0_porting_guide.html" id="migration">
          <text>تعرف على يجب القيام به لكي يعمل الكود القديم الخاص بك في Eclipse 3.0  </text>
        </link>
        <link label="التعديلات الجديدة " url="http://org.eclipse.ui.intro/runAction?pluginId=org.eclipse.ui.ide&amp;class=org.eclipse.ui.internal.ide.update.InstallWizardAction" id="updates">
          <text>الحصول على التعديلات الأخيرة من Eclipse.org</text>
        </link>
        <link label="مجموعة Eclipse " url="http://www.eclipse.org" id="eclipse">
          <text>انضم الى المجموعة وقم بقراءة المقالات والأخبار الموجودة على Eclipse.org</text>
        </link>
	<anchor id="linksAnchor"/>
      </group>
      <anchor id="endAnchor"/>
    </group>
  </page>
</introContent>
