<?xml version="1.0" encoding="UTF-8" ?> 
<welcomePage 
	title="بيئة تشغيل Eclipse  "
	format="nowrap">
	<intro>تساعدك هذه الصفحة على التعرف على Eclipse Workbench.
للبدء، قم بقراءة الأقسام التالية والضغط على الوصلات المتعلقة. </intro>

<item><b>الخصائص التي تم تركيبها </b>
لمعرفة المزيد عن الخصائص التي تم تركيبها في Workbench الخاص بك، اختر <action pluginId="org.eclipse.ui.ide"  class="org.eclipse.ui.actions.QuickStartAction">مساعدة ّ> مرحبا...</action> ثم حدد الخاصية المطلوبة.  </item>

<item><b>الأشكال العامة والمشاهدات وبرامج التحرير</b>
نافذة تحتوي على شكل عام واحد أو أكثر.  يحتوي الشكل العام على مشاهدات (على سبيل المثال، برنامج التجول) وبرامج تحرير للتعامل مع المصادر الخاصة بك.
يسمح لك خط المسار المختصر الموجود أقصى يسار النافذة بفتح أشكال عامة جديدة والتحرك بين الأشكال العامة التي تم فتحها بالفعل.  يتم عرض الشكل العام الذي تقوم بالتعامل معه حاليا في عنوان النافذة وفي خط المسار المختصر كشارة تم الضغط عليها.  </item>

<item><b>توصيف الشكل العام الخاص بك</b>
يمكنك نقل المشاهدات وبرامج التحرير حول workbench بواسطة سحب خطوط العنوان الخاصة بهم.  يمكن أيضا اضافة مزيد من المشاهدات الى الشكل العام الحالي الخاص بك باستخدام نافذة > عرض المشاهدة.
لارجاع الشكل العام الى حالته الأصلية، اختر <action pluginId="org.eclipse.ui"  class="org.eclipse.ui.internal.ResetPerspectiveAction">نافذة > ارجاع الشكل العام</action>. 

بمجرد أن يتم ترتيب الشكل العام الخاص بك، يمكنك حفظه باستخدام نافذة > حفظ الشكل العام باسم...
يمكنك تهيئة المشاهدات والأشكال العامة وعمليات القائمة جديد التي يتم عرضها للشكل العام الخاص بك.  للقيام بذلك، اختر <action pluginId="org.eclipse.ui"  class="org.eclipse.ui.internal.EditActionSetsAction">نافذة > تهيئة الشكل العام...</action> .  بالاضافة الى ذلك، يمكن تحويل أحد المشاهدات الى مشاهدة سريعة من خلال سحبها الى خط المسار المختصر (الموجود أقصى يسار النافذة).  </item> 

<item><b>ربط فريق CVS</b>
لربط فريق تطوير CVS، قم بفتح <action pluginId="org.eclipse.team.cvs.ui" class="org.eclipse.team.internal.ccvs.ui.actions.ShowCVSPerspectiveAction">الشكل العام لاستعراض مستودع تخزين CVS</action>. ثانيا، حدد موقع مستودع تخزين CVS الخاص بك.  للقيام بذلك، اختر <action pluginId="org.eclipse.team.cvs.ui" class="org.eclipse.team.internal.ccvs.ui.repo.NewCVSRepositoryAction">جديد > موقع مستودع التخزين...</action> من القائمة المظهرة لمشاهدة مستودعات تخزين CVS.  عندما يتم فتح برنامج معالجة المكان، قم بملء تفاصيل مستودع تخزين CVS واضغط انهاء. 

سيظهر موقع مستودع التخزين في المشاهدة مستودعات تخزين CVS.   قم بتكبير الموقع، ثم تكبير فرع HEAD.  ستشاهد كشف بوحدات البرامج الموجودة بمستودع التخزين هذا.  حدد وحدة برامج واختر <b>الغاء التخصيص كمشروع</b> من القائمة السياقية.  سيقوم هذا بالغاء تخصيص وحدة البرامج من مستودع تخزين CVS  وتكوين مشروع بواسطة هذا الاسم في مساحة العمل الخاصة بك.  </item>

<item><b>تشغيل Ant Buildfile</b>
لتشغيل Ant buildfile، اضغط على تشغيل > أدوات خارجية > أدوات خارجية...  حدد Ant Build كنوع لتوصيف الاستعراض واضغط جديد.  قم بتعريف buildfile في مجال الوقع ثم اضغط تشغيل.  </item>

<item><b>معرفة المزيد </b>
لمعرفة المزيد يمكنك تصفح الدليل <topic id="/org.eclipse.platform.doc.user/toc.xml">Workbench User Guide</topic>. قم بتصفح أقسام <topic href="/org.eclipse.platform.doc.user/reference/ref-anticons.htm">الأدوات الخارجية وشارات Ant</topic> للتعرف على الأدوات الخارجية وعناصر  Ant المختلفة.  </item>


</welcomePage>
