<introContent>
  <!-- a bad contribution. Tests if we can see it in the intro model as an child extensionContent element. -->
  <extensionContent  path="Page3/XXX" 
  		alt-style="ext4-alt-style.properties" style="ext4-style.css">
  	<text>Ext3: This configExt has a contribution to an anchor in Ext1. The anchor was included in the configExt.</text>
    <link label="link from Ext 4" 
    		url="http://" id="Foo">
    </link>
    <text>--------------- end of Ext4 </text>
  </extensionContent>
  
</introContent>
