<introContent>
  <!-- contributing to an anchor that was included in from an extension. -->
  <extensionContent  path="Page3/ext1Div/extDiv/anchorIncludedFromTestPage" 
  		alt-style="ext3-alt-style.properties" style="ext3-style.css">
  	<text>Ext3: This configExt has a contribution to an anchor in Ext1. The anchor was included in the configExt.</text>
    <link label="link from Ext 3" 
    		url="http://org.eclipse.ui.intro/showPage?id=xxx-intro" id="Foo">
      <text>tbd</text>
    </link>
    <text>--------------- end of Ext3 </text>
  </extensionContent>
  
</introContent>
