<introContent>
  <!-- contributing to an anchor in an extension -->
  <extensionContent  path="Page3/ext1Div/extAnchor" 
  		alt-style="ext2-alt-style.properties" style="ext2-style.css">
		<group id="ext2Div">
  			<text>Ext2: This configExt has a contribution to an anchor in ext1.</text>
    		<link label="link from Ext 2" 
    			url="http://org.eclipse.ui.intro/showPage?id=xxx-intro" id="ext2Link" />
      		<text>tbd</text>
			<text>--------------- end of Ext2 </text>
		</group>
  </extensionContent>
  
</introContent>
