<introContent>
  <!-- -->
  <group id="configA_shared_group_id" label="configA shared group">
    <text>This is the text from ConfigA shared group</text>
    <link id="shard_Link1_id" label="Launch Help" url="someUrl">
      <text>link in ConfigA shared group</text>
    </link>
  </group>
  <!-- -->
  <page id="homePageId" style="configAhomeStyle">
    <include configId="includeConfigIDxx" path="shared_group_idxx" merge-style="true"/>
    <link id="Link_id" label="First Page of Config A" url="http://org.eclipse.ui.intro/showPage?id=PageId">
      <text>This is a link from the configA</text>
    </link>
    <text>This is the description for config A Home Page</text>
    <img id="rootPageImageId" src="icons/blank.gif" alt="alt text"/>
  </page>
  <page id="PageId" style="configAPage1style">
    <include configId="includeConfigIDxx" path="shared_group_idxx" merge-style="true"/>
    <link id="Link2_id" label="Page 2" url="http://org.eclipse.ui.intro/showPage?id=Page_2_id">
      <text>This is a link from the configA</text>
    </link>
    <text>This is the description for config A Home Page</text>
    <img id="rootPageImageId" src="icons/blank.gif" alt="alt text"/>
  </page>
</introContent>
