
<introContent><!-- This element can extend any page or any group.    -->
	<extensionContent path="shared_group_id/anchorId" style="extension delta style" alt-style="extension delta alt style">
		<text>This is text from a Config Extension</text>
		<link id="Link2_id" label="Link to a contributed page" url="http://org.eclipse.ui.intro/showPage?id=extensionPageId">
			<text>This is a link from a config extension</text>
		</link>
	</extensionContent><!-- This is where you define shared groups or pages to be used by the   --><!-- above extension.   -->
	<group id="extension_shared_group_id" label="testing extension shared group">
		<text>This is the text of testing config extension of shared group</text>
	</group>
	<page id="extensionPageId" style="html/css/ExtensionPageStyle.css" alt-style="Extension Page Alt Style">
		<include path="extension_shared_group_idxxx" merge-style="true"/>
		<text>This is a page contributed from an extension</text>
		<link id="Extension_Link1_id" label="Extension Link" url="http://org.eclipse.ui.intro/showPage?id=Page_1_id">
			<text>This is a link from the testing configuration extension.</text>
		</link>
		<img id="rootPageImageId" src="icons/view.gif" alt="alt text for image"/>
	</page>
</introContent>