
<introContent><!--  

-->
	<group id="shared_group_id" label="shared group">
		<text>This is text from examples shared group</text>
		<link id="shard_Link1_id" label="Launch Help" url="someUrl">
			<text>link in shared group</text>
		</link>
		<anchor id="anchorId"/>
	</group><!--                              

-->
	<page id="homePageId" style="html/css/RootPageStyle.css" alt-style="Root Page Alt Style">
		<title id="mainTitle">SWT Sample</title>
		<include path="shared_group_id" merge-style="true"/>
		<link id="Link1_id" label="Page 1" url="http://org.eclipse.ui.intro/showPage?id=Page_1_id">
			<text>Page for testing Includes</text>
		</link>
		<link id="Link2_id" label="Page 2" url="http://org.eclipse.ui.intro/showPage?id=Page_2_id">
			<text>Page for testing Config Extensions</text>
		</link>
		<text id="textId">This is the description for Home Page</text>
		<img id="rootPageImageId" src="icons/blank.gif" alt="alt text"/>
	</page><!--                           

-->
	<page id="Page_1_id" style="html/css/Page1.css" alt-style="Page 1 alt-style">
		<include path="homePageId/mainTitle" merge-style="false"/>
		<include path="homePageId/Link1_id" merge-style="true"/>
		<text>Page for Testing Inclusions.</text>
		<text id="textId">Testing including from a shared group. The following is an included shared group.</text>
		<include path="shared_group_id" merge-style="true"/>
		<text>Testing including from another config. The link after this text was included from another config, configA</text>
		<include configId="configA" path="homePageId/Link_id" merge-style="true"/>
		<group id="group1_id" label="group 1">
			<text>Testing including from this same page. The text after this text was included from the first text in this page.</text>
			<include path="Page_1_id/textId" merge-style="true"/>
			<link id="Link1_id" label="Launch Help" url="someUrl">
				<text>link in page 1, group 1</text>
			</link>
			<link id="Link_2" label="Launch Help" url="http://org.eclipse.ui.intro/showHelp">
				<text>link in page 1, group 1</text>
			</link>
		</group>
		<text>Testing including from the same config, but different page. The text after this text was included from the first text in the second page in this config.</text><!-- include path="Page_2_id/textId" merge-style="true"/ -->
		<html id="htmlId" src="html/demo/HTMLTest.html" type="inline">
			<img id="htmlImageId" src="icons/blank.gif" alt="alt text for image in html"/>
		</html>
		<text>This is the second text for page 1</text>
		<group id="group2_id" label="group 2">
			<text>This is the text for group 2. Testing a bad include.</text>
			<include configId="includeConfigID" path="Page_1_id/group1_id" merge-style="true"/>
		</group>
		<group id="group3_id" label="group 3">
			<text>This is the text for group 3. This group will be included in page 2/</text>
			<link id="Link_1" label="Link in group3" url="http://org.eclipse.ui.intro/showHelp">
				<text>This link will open the eclipse help in another browser</text>
			</link>
			<anchor id="anchorId"/>
		</group>
		<link id="Link_1" label="Last element defined in page" url="http://org.eclipse.ui.intro/showHelp">
			<text>This link will open the eclipse help in another browser</text>
		</link>
	</page><!--                           

-->
	<page id="Page_2_id" style="html/css/Page2.css" alt-style="Page 2 alt-style">
		<title>Page for Testing Config Extensions.</title>
		<include path="homePageId/Link1_id" merge-style="true"/>
		<text id="textId">This is the first description for contribution page.</text>
		<text id="textId">Testing contributing into a shared group. The shared group below has an extension contributed to it.</text>
		<include path="shared_group_id" merge-style="true"/>
		<include path="Page_1_id/group3_id" merge-style="false"/>
		<anchor id="anchorId"/>
	</page>
</introContent>