<?xml version="1.0" encoding="UTF-8" ?> 
<introContent>
	
	<page style-id="page style" id="homePageId" style="content/root page/root.css">
		<group id="banner"/>
		<title id="title_id">Welcome to the Eclipse Intro Examples Product</title>
		<group id="content"> 
		<link label="Learn about Concept One..." url="http://org.eclipse.ui.intro/showPage?id=page1" />
		<link label="Learn about Concept Two..." url="http://org.eclipse.ui.intro/showPage?id=page2"/>
		<link label="Learn about Concept Three..." url="http://org.eclipse.ui.intro/showPage?id=page3"/>
		</group>
	</page>
		
			
		<page id="page1">
			<include path="homePageId/banner" merge-style="false"/>
			<include path="homePageId/title_id" merge-style="false"/>
			<group id="content" label="Concept One">
				<text>Concept One is Lorem ipsum dolor sit amet, consetetur sadipscing elitr, sed diam nonumy eirmod tempor invidunt ut labore et dolore magna aliquyam erat, sed diam voluptua. At vero eos et accusam et justo duo dolores et ea rebum. Stet clita kasd gubergren, no sea takimata sanctus est Lorem ipsum dolor sit amet. Lorem ipsum dolor sit amet, consetetur sadipscing elitr, sed diam nonumy eirmod tempor invidunt ut labore et dolore magna aliquyam erat, sed diam voluptua. At vero eos et accusam et justo duo dolores et ea rebum. Stet clita kasd gubergren, no sea takimata sanctus est Lorem ipsum dolor sit amet. Lorem ipsum dolor sit amet, consetetur sadipscing elitr, sed diam nonumy eirmod tempor invidunt ut labore et dolore magna aliquyam erat, sed diam voluptua. At vero eos et accusam et justo duo dolores et ea rebum. Stet clita kasd gubergren, no sea takimata sanctus est Lorem ipsum dolor sit amet.</text>
			</group>
			<group style-id="navigationLinks">
				<link style-id="left_arrow_link_style" label="Back..." url="http://org.eclipse.ui.intro/showPage?id=homePageId" />
				<link style-id="right_arrow_link_style" label="Next..." url="http://org.eclipse.ui.intro/showPage?id=page2" />
			</group>
		</page>
		
		
		<page id="page2" style="content/page2/page2.css">
			<include path="homePageId/banner" merge-style="false"/>
			<include path="homePageId/title_id" merge-style="false"/>
			<group id="content" label="Concept Two"> 
				<html src="content/page2/htmlSnippet.html" type="inline" style-id="inline_style"> 
		   		<text>Alternate text for HTML element.</text>
				</html>
			</group>
			<group style-id="navigationLinks">
				<link style-id="left_arrow_link_style" label="Back..." url="http://org.eclipse.ui.intro/showPage?id=page1" />
				<link style-id="right_arrow_link_style" label="Next..." url="http://org.eclipse.ui.intro/showPage?id=page3" />
			</group>
		</page>
		
		
		
			<page id="page3">
			<include path="homePageId/banner" merge-style="false"/>
			<include path="homePageId/title_id" merge-style="false"/>
			<group id="content" label="Concept Three"> 
				<text>Concept Three is Lorem ipsum dolor sit amet, consetetur sadipscing elitr, sed diam nonumy eirmod tempor invidunt ut labore et dolore magna aliquyam erat, sed diam voluptua. At vero eos et accusam et justo duo dolores et ea rebum. Stet clita kasd gubergren, no sea takimata sanctus est Lorem ipsum dolor sit amet. Lorem ipsum dolor sit amet, consetetur sadipscing elitr, sed diam nonumy eirmod tempor invidunt ut labore et dolore magna aliquyam erat, sed diam voluptua. At vero eos et accusam et justo duo dolores et ea rebum. Stet clita kasd gubergren, no sea takimata sanctus est Lorem ipsum dolor sit amet. Lorem ipsum dolor sit amet, consetetur sadipscing elitr, sed diam nonumy eirmod tempor invidunt ut labore et dolore magna aliquyam erat, sed diam voluptua. At vero eos et accusam et justo duo dolores et ea rebum. Stet clita kasd gubergren, no sea takimata sanctus est Lorem ipsum dolor sit amet.</text>
				<contentProvider id="contentProviderId" class="org.eclipse.ui.intro.examples.dynamic003.IntroContentProvider" pluginId="org.eclipse.ui.intro.examples"> 
					<text>Content provider failed. Alternate text for content provider</text>
				</contentProvider>
			</group>
			<group style-id="navigationLinks">
				<link style-id="left_arrow_link_style" label="Back..." url="http://org.eclipse.ui.intro/showPage?id=page2" />
				<link style-id="right_arrow_link_style" label="Next..." url="http://org.eclipse.ui.intro/showPage?id=homePageId" />
			</group>
		</page>
		

</introContent>