<introContent>
  <page id="externalPage" alt-style="swt3/Sample1/home_swt.properties">
    <head src="Foo.txt"/>
    <title>SWT Intro Sample</title>
    <group id="groupId">
      <text style-id="desc-id">This is the description for external Page</text>
      <link label="Test Page" url="http://org.eclipse.ui.intro/showPage?id=testPage">
        <text>This is a link to the test page.</text>
      </link>
    </group>
    <link id="workbench" url="http://org.eclipse.ui.intro/showStandby?partId=org.eclipse.ui.intro.contextHelp" label="Workbench">
      <text>Go to the workbench but stay around helping me as I browse</text>
    </link>
    <img alt="alt text" id="rootPageImageId" src="icons/blank.gif"/>
  </page>
</introContent>
