<introContent>
  <group style-id="shared class" id="shared_group_id" label="shared group">
    <text>This is the text of shared group</text>
    <link id="shard_Link1_id" label="Launch Help" url="someUrl">
      <text>link in shared group</text>
    </link>
  </group>
  <!-- 

-->
  <page id="homePageId" alt-style="swt3/Sample1/home_swt.properties">
    <head src="Foo.txt"/>
    <title>SWT Intro Sample</title>
    <group id="groupId">
      <text style-id="desc-id">This is the description for Home Page</text>
      <link id="Link1_id" label="Page 1" url="http://org.eclipse.ui.intro/showPage?id=Page_1_id">
        <text>This is a link to the first page.</text>
      </link>
      <link label="Old Welcome" url="http://org.eclipse.ui.intro/showPage?id=welcome">
        <text>See how the legacy Welcome page is now supported</text>
      </link>
      <link label="Supported Intro Actions" url="http://org.eclipse.ui.intro/showPage?id=actions">
        <text>Find out what the supported Intro actions are</text>
      </link>
      <link label="Image Page" url="http://org.eclipse.ui.intro/showPage?id=imagePage">
        <text>Content as an Image</text>
      </link>
      <link label="External Page" url="http://org.eclipse.ui.intro/showPage?id=externalPage">
        <text>Content loaded from external file.</text>
      </link>
      <link label="Test Page" url="http://org.eclipse.ui.intro/showPage?id=testPage">
        <text>This is a link to the test page.</text>
      </link>
    </group>
    <link id="workbench" url="http://org.eclipse.ui.intro/setStandbyMode?standby=true" label="Workbench">
      <text>Go to the workbench but stay around helping me as I browse</text>
    </link>
    <img alt="alt text" id="rootPageImageId" src="icons/blank.gif"/>
  </page>
  <!-- 

-->
  <page id="Page_1_id" alt-style="SWT/Sample1/page1_swt.properties">
    <title>SWT Intro Sample</title>
    <text style-id="subtitle-id">This is a subtitle for Page 1</text>
    <text style-id="desc-id">This is a description for Page 1</text>
    <text style-id="subtitle-id">This is the first non filtered text element in page 1</text>
    <group id="group1_id" label="First Group in Page 1" filteredFrom="swt">
      <text>This is the description of Group 1</text>
      <link id="Link_1" label="First Link" url="html\demo\Intro.html">
        <text>this link will load a relative local file</text>
      </link>
      <link id="Link_2" label="Second Link" url="url from link 2">
        <text>Description of Link 2</text>
      </link>
    </group>
    <link id="Link_1" label="Launch Help" url="http://org.eclipse.ui.intro/showHelp">
      <text>This link will open the eclipse help in another browser</text>
    </link>
    <link id="Link_2" label="Second Link" url="about:blank;">
      <text>This link should be in page 1</text>
    </link>
  </page>
  <!-- 

-->
  <page id="welcome" alt-style="SWT/Sample1/welcome_swt.properties">
    <title>Eclipse Platform</title>
    <text style-id="desc-id">This page will help familiarize you with the Eclipse Workbench. To get started, read the sections below and click on the related links. </text>
    <link id="Link_1" label="Installed Features" url="about:blank;">
      <text><![CDATA[<p>To find out more about the features installed in your workbench, choose <a href="http://org.eclipse.ui.intro/runAction?pluginId=org.eclipse.ui.ide&amp;class=org.eclipse.ui.actions.QuickStartAction">Help -&gt; Welcome...</a> and select the feature you are interested in.</p> 
<p></p>]]></text>
    </link>
    <link id="Link_2" label="Perspectives, views and editors" url="about:blank;">
      <text>A window contains one or more &lt;b&gt;perspectives&lt;/b&gt;. A perspective consists of views (e.g. Navigator) and editors for working with your resources. The shortcut bar at the far left of the window allows you to open new perspectives and move between perspectives that are already open. The perspective you are currently working with is shown in the title of the window and in the shortcut bar as a pushed-in icon. </text>
    </link>
    <link filteredFrom="swtt" id="Link_3" label="Configuring your perspectives" url="about:blank;">
      <text><![CDATA[<p>You can move views and editors around the workbench by dragging their titlebars. You can also add more views to your current perspective by using Window -> Show View. To reset the perspective to its original state, choose <a href="http://org.eclipse.ui.intro/runAction?pluginId=org.eclipse.ui&amp;class=org.eclipse.ui.internal.ResetPerspectiveAction">Window > Reset Perspective</a>.</p>
<p>Once you have arranged your perspective, you can save it using Window > Save Perspective As.... You can customize the views, perspectives and New menu operations that show up for your perspective. To do this choose <a href="http://org.eclipse.ui.intro/runAction?pluginId=org.eclipse.ui&amp;class=org.eclipse.ui.internal.EditActionSetsAction">Window -&gt; Customize Perspective</a>... . A view can additionally be converted into a Fast View by dragging it to the shortcut bar (at the far left of the window).</p>]]></text>
    </link>
    <link id="Link_4" label="Join a CVS team" url="about:blank;">
      <text><![CDATA[<p>To join a CVS development team, open the <a href="http://org.eclipse.ui.intro/runAction?pluginId=org.eclipse.team.cvs.ui&amp;class=org.eclipse.team.internal.ccvs.ui.actions.ShowCVSPerspectiveAction">CVS Repository Exploring perspective</a>. Next, specify the location of your CVS repository. To do this, choose <a href="http://org.eclipse.ui.intro/runAction?pluginId=org.eclipse.team.cvs.ui&amp;class=org.eclipse.team.internal.ccvs.ui.repo.NewCVSRepositoryAction">New -&gt; Repository Location</a>... from the CVS Repositories view popup menu. When the location wizard opens, fill in the details of your CVS repository and click Finish.</p>
<p>A repository location will appear in the CVS Repositories view. Expand the location, then expand the HEAD branch. You will see a list of the modules in that repository. Select a module and choose <b>Checkout as Poject</b> from the context menu. This will checkout the module from the CVS repository and create a project by that name in your workspace.</p>
<p></p>]]></text>
    </link>
    <link id="Link_5" label="Learn more" url="about:blank;">
      <text><![CDATA[<p>To learn more you can browse the <a href="http://org.eclipse.ui.intro/showHelpTopic?id=/org.eclipse.platform.doc.user/toc.xml">Workbench User Guide</a>. Browse the <a href="http://org.eclipse.ui.intro/showHelpTopic?id=/org.eclipse.platform.doc.user/reference/ref-anticons.htm">External Tools and Ant Icons</a> section to recognize the various External Tools and Ant elements.</p>
<p></p>]]></text>
    </link>
  </page>
  <!-- 

-->
  <page id="imagePage" alt-style="image_page_swt.properties">
    <title>SWT Intro Sample</title>
    <text style-id="desc-id">This pages how to use an image as content. It also shows how html elements are handled.</text>
    <text>The following is two inlined HTML elements: one has the child text is displayed, one has image displayed:</text>
    <html id="inline" src="xxx" type="inline">
      <text>Alternative text to the inlined html content</text>
    </html>
    <html id="inline" src="xxx" type="inline">
      <img alt="Alternative Image to the inlined html content" id="imageId1" src="icons/forward_nav.gif"/>
    </html>
    <html id="inline" src="xxx" type="inline"/>
    <html id="embedded" src="html/demo/intro.html" type="embed">
      <text>Alternative text to the embedded html content</text>
      <img alt="Alternative Image to the embedded html content" id="imageId1" src="icons/forward_nav.gif"/>
    </html>
    <text>This following is two images for content:</text>
    <img alt="Sample Image in Test Page" id="imageId1" src="icons/forward_nav.gif"/>
    <img alt="Another Sample Image in Test Page" id="imageId2" src="icons/Updated iSeries Project.gif"/>
  </page>
  <!-- 

-->
  <page id="actions" alt-style="SWT/Sample1/actions_swt.properties">
    <title>SWT Intro Sample</title>
    <text style-id="subtitle-id">Supported Intro Actions</text>
    <text style-id="desc-id">These are all the supported Intro Actions</text>
    <link id="Link1_id" label="Test custom action: showPortingGuide" url="http://org.eclipse.ui.intro/showPortingGuide">
      <text>Test custom action showPortingGuide.</text>
    </link>
    <link id="Link2_id" label="Test custom action: openPerspective" url="http://org.eclipse.ui.intro/openPerspective?perspectiveId=org.eclipse.ui.resourcePerspective">
      <text>Test openPerspective</text>
    </link>
    <link id="Link3_id" label="Test myCommand" url="http://org.eclipse.ui.intro/myCommand">
      <text>Test custom action.</text>
    </link>
    <link id="Link3_id" label="Test myCommand" url="http://org.eclipse.ui.intro/myCommand?message=new nested message">
      <text>Test custom nested action.</text>
    </link>
    <link id="Link9_id" label="Page 1" url="http://org.eclipse.ui.intro/showPage?id=Page_1_id">
      <text>This is a link to the first page.</text>
    </link>
  </page>
  <!-- 
	
	-->
  <page id="testPage" alt-style="Root Page Alt Style">
    <include merge-style="true" path="shared_group_id"/>
    <head src="Foo.txt"/>
    <title>SWT Intro Sample</title>
    <text style-id="desc-id">This is the description for Test Page</text>
    <link id="Link1_id" label="Page 1" url="http://org.eclipse.ui.intro/showPage?id=Page_1_id">
      <text>This is a link to the first page.</text>
    </link>
    <img alt="Sample Image in Test Page" id="imageId1" src="icons/forward_nav.gif"/>
    <img alt="Another Sample Image in Test Page" id="imageId2" src="icons/Updated iSeries Project.gif"/>
  </page>
  <!-- 

-->
  <page id="externalPage" content="swt3/Sample1/externalPage.xml"> 
	<img alt="Another Sample Image in Test Page" id="imageId2" src="icons/Updated iSeries Project.gif"/>
  </page>
</introContent>



